,15-Jan,15-Feb,15-Mar,15-Apr,15-May,15-Jun,15-Jul,15-Aug,15-Sep,15-Oct,15-Nov,15-Dec,16-Jan,16-Feb,16-Mar,16-Apr,16-May,16-Jun,16-Jul,16-Aug,16-Sep,16-Oct,16-Nov,16-Dec,17-Jan,17-Feb,17-Mar,17-Apr,17-May,17-Jun,17-Jul,17-Aug,17-Sep,17-Oct,17-Nov,17-Dec,18-Jan,18-Feb,18-Mar,18-Apr,18-May,18-Jun,18-Jul,18-Aug,18-Sep,18-Oct,18-Nov,18-Dec,19-Jan,19-Feb,19-Mar,19-Apr,19-May,19-Jun,19-Jul,19-Aug,19-Sep,19-Oct,19-Nov,19-Dec,20-Jan,20-Feb,20-Mar,20-Apr,20-May,20-Jun,20-Jul,20-Aug,20-Sep,20-Oct,20-Nov,20-Dec,21-Jan,21-Feb,21-Mar,21-Apr,21-May,21-Jun,21-Jul,21-Aug,21-Sep,21-Oct,21-Nov,21-Dec,22-Jan,22-Feb,22-Mar,22-Apr,22-May,22-Jun,22-Jul,22-Aug,22-Sep,22-Oct,22-Nov,22-Dec,23-Jan,23-Feb,23-Mar,23-Apr,23-May,23-Jun,23-Jul,23-Aug,23-Sep,23-Oct,23-Nov,23-Dec,24-Jan,24-Feb,24-Mar,24-Apr,24-May,24-Jun,24-Jul
Afghanistan,10,--,--,10,5,5,10,10,15,5,10,10,10,--,10,--,10,15,10,10,15,5,5,15,15,--,5,5,5,5,10,10,20,5,5,5,10,--,0,10,--,5,10,10,10,10,5,--,10,--,10,5,10,--,10,15,15,5,--,5,--,--,5,5,15,--,10,10,15,5,5,5,10,--,--,5,5,15,10,5,10,--,5,5,5,10,15,5,10,10,15,40,35,10,20,--,15,10,15,10,5,10,10,25,30,10,5,5,15,15,--,10,5,10,5
Albania,10,5,--,10,5,5,10,15,20,10,--,15,15,--,10,5,10,20,15,25,20,10,20,15,10,--,10,10,10,15,15,50,25,15,15,15,15,10,--,15,20,10,30,55,25,20,20,25,25,25,15,20,10,25,45,85,35,30,20,40,35,5,20,15,45,25,25,20,20,15,15,20,25,15,35,20,40,25,25,30,40,15,20,25,30,15,20,20,15,20,30,65,50,20,20,40,55,30,25,35,35,40,55,100,70,45,50,45,55,30,30,30,25,40,45
Algeria,60,40,55,55,55,45,120,170,135,100,105,135,75,60,35,45,60,50,40,140,135,60,45,100,100,35,40,35,50,35,90,185,170,70,80,135,125,50,50,100,70,85,140,270,215,130,95,160,270,75,80,90,70,125,160,485,540,210,190,390,365,80,55,105,175,105,95,175,245,70,110,600,230,75,145,115,155,100,360,790,195,80,105,830,210,145,115,280,165,170,385,"1,495",640,190,360,"1,255",560,180,250,465,175,400,"1,485","2,045",595,255,785,"2,405","1,000",465,580,700,330,560,"1,665"
Andorra,--,0,0,0,0,--,--,--,0,0,0,0,0,0,0,0,0,0,0,--,0,0,0,0,0,0,0,0,0,--,0,0,0,0,0,0,0,0,0,0,0,0,0,--,--,0,0,0,0,0,0,0,0,0,0,--,--,--,0,0,0,0,0,0,0,0,0,0,0,0,0,0,0,0,--,0,0,--,--,5,--,0,0,0,--,0,0,0,--,--,0,--,5,--,0,0,0,0,0,0,0,0,0,0,--,0,--,0,--,0,0,0,0,0,0
Angola,15,--,--,0,--,--,--,10,--,10,10,10,25,--,--,--,5,20,--,10,5,--,--,--,--,--,--,--,--,5,--,--,10,--,5,0,5,--,--,0,--,0,--,5,--,--,10,--,--,10,5,5,30,10,10,40,5,--,0,--,10,--,0,--,0,--,--,10,10,--,--,--,--,--,--,--,--,--,5,5,5,5,5,10,--,--,10,--,5,5,10,10,10,15,5,--,5,--,10,5,5,5,10,10,--,--,5,5,5,5,10,5,--,5,10
Anguilla,0,0,0,0,0,0,0,0,0,0,0,0,0,0,0,0,0,0,0,0,0,0,0,0,0,0,0,0,0,0,0,0,0,0,0,0,0,0,0,0,0,0,0,0,0,0,0,0,0,0,0,0,0,0,0,--,0,0,0,0,0,0,0,0,0,0,0,0,0,0,0,0,0,0,0,0,0,0,0,0,0,0,0,0,0,0,0,0,0,0,0,0,0,0,0,0,0,0,0,0,0,0,0,0,0,0,0,0,0,0,0,0,0,0,0
Antigua and Barbuda,--,--,--,--,0,--,5,20,20,--,--,5,--,--,--,10,--,--,5,20,15,--,0,5,5,5,--,--,--,5,5,25,25,5,5,5,5,--,--,--,--,10,10,25,20,5,--,--,10,--,--,--,--,5,5,20,20,5,0,0,--,--,--,--,5,--,--,5,15,--,--,--,10,--,--,--,10,5,10,20,10,10,--,--,5,0,--,--,5,5,5,20,10,--,5,5,10,--,--,0,--,--,10,25,10,5,--,5,--,--,--,--,0,--,--
Argentina,15,5,10,5,5,5,20,40,20,5,10,15,20,10,10,10,10,15,15,35,20,20,5,15,15,10,--,10,10,15,15,45,35,15,5,15,20,15,15,20,15,20,20,45,20,15,20,15,25,25,10,15,5,25,20,60,25,20,20,25,20,10,20,10,10,15,10,25,25,15,15,15,35,20,30,30,35,50,75,110,75,35,25,65,50,40,20,30,45,35,50,150,70,40,30,60,35,40,35,50,25,45,55,125,40,35,45,55,45,40,30,25,25,25,20
Armenia,--,--,0,0,--,--,--,5,--,--,--,--,--,--,0,--,--,--,--,5,--,--,5,--,--,0,--,--,--,0,--,--,--,--,--,--,5,--,0,0,--,--,--,--,0,--,--,--,--,--,--,--,0,--,--,--,5,0,--,--,--,--,--,0,--,0,--,0,0,0,0,--,5,0,--,0,--,5,--,5,10,--,--,5,10,--,--,--,--,--,5,5,5,5,5,10,5,0,--,--,--,5,5,15,15,--,--,5,--,5,10,5,--,10,5
Aruba,0,0,0,0,0,0,0,0,0,0,0,0,0,0,0,0,0,0,0,0,0,0,0,0,0,0,0,0,0,0,0,0,0,0,0,0,0,0,0,0,0,0,0,0,0,0,0,--,0,0,0,0,0,0,0,--,0,0,0,0,0,0,0,0,0,0,0,0,0,0,0,0,0,0,--,--,0,0,0,0,--,0,0,0,0,0,0,0,0,0,0,--,--,0,0,0,0,0,0,0,0,0,0,0,0,0,--,0,0,0,0,--,0,0,0
Australia,45,15,15,10,15,20,60,145,70,20,15,50,65,30,10,15,25,30,35,130,50,25,15,60,65,10,15,10,30,20,45,140,60,25,15,50,60,20,20,20,20,25,40,125,45,15,15,75,45,10,20,20,15,15,30,120,60,10,10,60,40,15,5,15,25,10,10,35,55,15,20,25,35,15,15,20,40,30,35,75,35,20,15,20,20,15,15,10,15,30,30,120,35,15,20,40,50,10,20,15,15,25,40,155,35,20,10,35,20,15,10,10,25,15,30
Austria,5,--,--,--,--,5,10,60,15,0,--,--,10,5,--,--,--,10,--,65,30,10,--,10,5,--,--,5,5,--,5,55,25,5,--,--,15,5,--,10,--,10,--,65,20,5,5,5,10,--,5,--,--,--,10,60,25,5,5,--,5,--,--,--,5,--,0,5,10,5,10,10,80,5,--,10,5,10,10,105,40,5,5,10,95,15,5,5,--,5,5,50,25,10,5,5,15,5,--,--,5,10,10,40,10,--,--,--,10,5,5,5,--,--,5
Azerbaijan,5,--,--,--,--,--,--,10,20,--,--,15,10,5,5,5,10,10,5,25,20,--,--,10,--,--,--,5,10,5,10,25,30,5,10,15,10,--,5,10,5,10,5,35,20,10,10,10,10,--,10,10,10,10,10,45,25,--,5,10,15,--,10,10,5,--,5,15,20,5,--,15,15,5,15,15,15,15,20,45,45,5,10,20,20,10,10,15,15,20,10,20,10,10,15,20,20,15,10,25,20,35,30,75,50,10,10,50,30,25,25,70,20,15,20
"Bahama Islands, The",25,--,5,10,15,15,35,180,100,10,10,35,45,20,10,15,25,25,20,260,180,10,30,55,65,5,20,15,30,20,60,290,175,20,25,55,50,10,10,20,20,40,50,380,125,30,25,50,60,15,25,35,35,40,60,375,115,35,20,60,60,10,15,35,45,15,30,60,140,20,35,70,75,25,30,30,50,70,85,180,135,40,30,65,75,30,35,25,30,60,75,225,100,35,40,50,80,30,35,25,45,40,80,220,85,35,35,45,35,25,35,15,25,25,30
Bahrain,--,--,--,--,0,0,5,10,5,--,--,--,--,--,0,--,--,--,--,10,15,--,--,--,--,--,--,0,--,--,--,10,15,--,--,5,--,--,--,0,--,--,--,10,--,0,--,--,--,--,--,--,--,--,5,10,--,0,--,--,--,--,--,--,--,--,0,5,10,--,--,--,--,--,--,--,--,5,--,20,--,--,5,--,--,--,0,0,5,5,--,5,10,--,--,--,--,--,--,--,--,5,5,15,0,0,--,--,--,--,0,--,0,--,--
Bangladesh,90,35,45,55,55,50,125,415,260,55,65,160,145,85,75,100,125,130,75,385,330,100,110,225,265,65,65,180,150,85,115,810,450,140,140,490,290,80,105,410,240,215,170,"1,115",570,140,220,795,435,160,235,345,305,205,300,"1,435",620,145,135,765,345,115,120,315,600,335,295,165,445,225,185,310,420,325,415,420,545,510,445,"1,400","1,030",320,295,760,570,405,370,445,460,430,420,"1,395",955,335,325,"1,535","1,115",330,385,885,620,495,670,"2,325","1,365",310,320,"1,020",605,380,445,670,430,380,395
Barbados,10,--,--,5,--,5,15,90,30,5,5,10,15,10,5,5,20,10,15,105,30,--,10,10,15,5,--,5,5,10,15,120,35,--,15,5,20,5,5,15,5,10,20,120,30,10,10,15,20,5,10,10,5,15,25,145,30,--,10,20,25,10,5,10,20,--,10,30,30,10,10,20,20,10,10,15,30,20,35,105,50,15,15,45,20,5,15,20,20,15,30,95,30,5,15,40,25,10,10,20,15,15,35,145,30,10,20,25,30,15,20,25,20,15,15
Belarus,5,--,--,--,--,--,--,5,10,5,5,--,5,--,--,--,5,10,0,10,10,--,--,5,--,--,--,0,0,--,0,10,15,--,5,--,5,--,--,--,--,5,--,10,10,--,--,--,5,--,--,--,--,5,10,20,10,--,--,5,5,--,--,--,--,0,0,10,5,--,--,--,5,5,--,--,--,--,10,10,10,5,--,5,10,--,--,5,--,5,5,5,10,10,10,10,10,5,5,10,5,15,5,20,10,5,10,5,10,--,10,5,5,10,10
Belgium,25,5,5,10,10,5,25,130,50,25,5,15,25,15,15,15,20,25,20,160,95,15,10,20,25,10,10,15,10,10,15,180,100,20,10,20,40,15,10,15,15,15,15,155,65,15,20,20,45,15,20,15,10,15,30,255,100,20,--,25,45,15,5,15,20,15,10,30,70,15,25,55,135,25,25,25,25,30,50,430,350,40,30,40,65,30,25,25,30,25,35,315,170,20,25,35,70,25,25,15,20,30,40,290,110,25,20,30,55,25,20,25,25,25,35
Belize,5,5,--,--,--,0,5,15,15,--,5,--,5,10,--,--,5,10,5,15,25,--,--,5,--,--,--,--,5,--,5,30,20,0,--,5,5,--,--,--,5,--,10,25,15,--,--,--,10,0,--,--,--,--,5,20,20,--,--,5,5,--,--,--,--,--,--,5,10,10,5,--,--,--,--,--,--,10,10,10,15,5,10,10,5,--,--,--,5,15,10,15,10,--,5,--,10,--,5,--,--,10,10,25,--,5,5,5,10,--,--,--,5,--,10
"Benin, Republic of",30,20,10,20,25,15,45,85,80,25,15,45,30,35,25,25,35,35,35,70,50,15,20,35,30,10,15,20,30,20,35,70,55,25,20,35,55,10,15,15,25,25,25,60,50,40,20,50,55,15,15,15,20,35,35,135,100,25,30,35,30,10,10,15,25,10,5,60,95,20,10,50,25,25,25,30,45,30,65,65,45,30,30,50,55,30,25,40,25,35,45,135,90,25,40,100,105,25,45,50,35,85,195,360,225,50,85,195,130,55,50,55,40,70,135
Bermuda,0,0,0,0,0,0,0,0,0,0,0,0,0,0,0,0,0,0,0,0,0,0,0,0,0,0,0,0,0,0,0,0,0,0,0,0,0,0,0,0,0,0,0,0,--,--,0,0,--,0,0,--,0,0,--,30,10,--,--,--,5,--,0,--,0,0,0,0,--,0,0,5,5,0,0,0,0,0,--,20,20,5,--,--,5,0,0,0,--,0,0,5,--,0,0,0,--,0,--,--,--,--,--,10,--,0,0,--,--,0,--,--,0,0,--
Bhutan,0,0,0,0,0,--,0,0,--,--,--,--,--,0,--,0,--,--,--,5,--,--,0,--,--,--,0,--,5,0,--,10,10,0,0,--,--,0,--,--,--,--,0,15,5,--,0,--,5,--,--,5,5,--,--,35,10,--,--,30,20,--,--,--,--,5,--,5,--,--,--,35,10,5,5,--,15,15,5,15,40,25,10,20,45,10,15,20,20,15,15,50,35,20,20,40,20,10,25,50,35,85,95,110,145,55,50,85,70,90,220,40,15,35,15
Bolivia,--,0,0,--,--,--,--,20,10,--,--,--,5,5,--,--,--,--,--,10,15,0,--,--,5,--,--,--,--,--,5,15,10,--,--,5,10,--,--,5,5,--,10,30,10,5,--,5,10,--,--,--,5,--,10,30,5,--,--,10,5,10,--,5,5,--,--,10,10,--,--,--,--,--,10,--,--,10,15,35,45,30,10,45,25,10,15,30,15,10,25,55,40,10,10,25,25,5,15,25,10,10,25,90,35,15,15,30,15,--,15,15,10,15,15
"Bonaire, Sin Eustatius And Saba",0,0,0,0,0,0,0,0,0,0,0,0,0,0,0,0,0,0,0,0,0,0,0,0,0,0,0,0,0,0,0,0,0,0,0,0,0,0,0,0,0,0,0,0,0,0,0,0,0,0,0,0,0,0,--,0,0,0,0,0,0,0,0,0,0,0,0,0,0,0,0,0,0,0,0,0,0,0,0,0,0,0,0,0,0,0,0,0,0,0,0,0,0,0,0,0,0,0,0,0,0,0,0,0,0,0,0,0,0,0,0,0,0,0,0
Bosnia-Herzegovina,--,0,--,0,--,--,--,--,5,--,0,--,--,0,0,--,--,--,--,--,5,--,--,5,0,--,--,0,0,--,--,5,--,--,0,0,--,0,0,--,--,--,--,5,--,--,--,0,--,5,0,--,0,5,--,5,--,--,--,5,--,0,0,--,--,--,--,--,5,--,--,--,--,5,--,--,--,10,10,5,5,15,5,5,--,10,5,--,--,5,--,5,5,15,5,5,5,5,--,--,10,5,--,10,5,5,5,5,5,5,5,5,5,--,--
"Botswana, Republic of",--,--,0,0,--,0,--,30,--,--,5,5,--,--,--,5,5,5,--,20,--,--,--,--,10,--,5,--,--,0,--,25,10,--,--,--,5,--,--,--,--,--,--,10,15,--,5,--,5,0,--,--,5,--,5,10,10,--,--,5,--,5,--,5,5,--,--,10,10,--,--,10,10,--,0,--,--,--,--,15,--,--,--,--,--,5,--,--,5,--,--,5,15,--,5,--,5,--,--,--,--,--,--,15,35,--,--,--,--,--,--,--,--,--,0
Brazil,515,345,290,375,265,340,500,"1,830","1,080",295,270,535,715,435,415,480,470,530,495,"1,630","1,005",355,385,850,810,485,485,515,475,560,720,"2,365","1,245",500,540,895,995,545,480,740,725,805,795,"2,505","1,025",610,765,990,"1,190",670,615,760,720,615,800,"2,305","1,055",620,535,960,780,560,360,540,555,210,285,915,915,380,535,520,475,495,380,330,485,630,740,"1,345","1,275",705,555,"1,390","1,055",540,615,680,575,665,865,"2,540","1,105",470,495,"1,095",960,590,610,825,575,675,905,"2,435","1,025",540,550,"1,050",915,570,625,640,435,340,440
Brunei,--,--,0,0,0,0,0,--,--,--,0,--,0,--,0,--,--,--,0,--,--,--,--,0,0,0,0,--,--,0,--,--,--,--,--,--,0,--,0,0,0,--,--,5,--,--,--,--,--,--,--,0,0,--,--,5,--,0,0,--,0,--,0,--,--,0,0,0,--,0,--,--,0,--,0,0,--,--,0,5,--,--,--,--,--,--,--,0,0,--,--,--,--,0,--,0,--,0,--,--,--,--,--,5,--,--,0,0,0,0,0,--,--,0,0
Bulgaria,--,--,--,--,--,--,--,15,10,--,0,--,5,--,--,--,--,--,--,15,10,5,5,--,--,--,--,--,--,--,5,10,10,--,--,--,5,--,--,--,--,--,5,25,--,--,--,5,5,--,--,--,--,10,--,20,10,--,--,--,5,--,0,--,--,--,--,5,--,--,--,10,5,--,5,5,--,--,10,15,15,5,--,--,--,--,--,--,--,--,--,10,5,--,--,--,5,--,--,0,--,5,5,10,10,--,0,--,--,--,--,--,--,--,--
Burkina-Faso,35,20,15,15,15,25,30,90,55,15,15,40,40,25,10,20,30,35,15,70,60,20,20,25,45,10,10,10,25,10,25,80,60,30,25,55,55,10,10,25,25,25,25,105,40,30,20,50,95,15,25,40,25,30,30,140,85,20,10,75,45,20,10,25,25,10,20,90,120,25,20,60,70,25,30,45,50,30,80,150,80,25,30,75,85,45,30,35,45,55,50,175,105,25,45,75,135,40,35,45,30,65,125,270,130,35,55,120,150,50,50,75,40,55,110
Burundi,10,10,--,10,10,10,15,30,20,10,10,10,25,10,10,15,20,20,5,45,50,25,15,30,20,10,15,15,15,10,15,40,55,15,15,30,35,15,10,15,15,10,25,60,85,20,20,30,50,15,15,20,15,20,25,35,30,25,15,20,15,10,5,15,15,5,5,40,45,5,10,25,25,10,25,15,30,20,30,45,15,10,15,20,15,15,10,20,20,35,20,60,35,20,40,75,70,15,20,35,15,30,50,195,145,40,40,120,35,15,30,20,10,15,20
Cambodia,5,10,10,5,5,15,15,20,20,10,10,5,20,10,5,5,5,10,5,10,20,5,5,10,5,5,--,--,5,--,5,15,15,--,--,5,15,5,--,--,10,10,5,15,10,5,5,10,10,5,--,10,10,10,15,30,15,5,5,15,10,5,--,--,10,10,10,--,10,--,--,10,--,10,5,--,5,5,20,25,15,5,--,10,20,5,5,5,10,15,15,30,10,10,10,20,15,5,5,15,20,20,30,50,20,10,10,15,20,15,10,10,15,15,20
"Cameroon, Federal Republic of",95,50,55,55,65,60,115,215,145,55,60,130,115,60,50,70,105,85,90,210,155,50,75,105,90,35,35,45,75,50,65,210,200,90,65,105,130,30,50,90,65,85,105,320,205,75,80,85,195,65,95,100,90,105,160,340,230,70,65,120,85,45,40,65,75,50,65,200,240,65,85,135,100,75,95,80,140,75,195,375,275,100,90,265,230,100,90,110,110,200,275,600,600,220,210,340,375,200,260,260,165,435,820,"1,275",655,285,480,945,695,265,315,295,265,435,615
Cape Verde Islands,0,0,0,0,--,0,0,--,0,0,0,0,--,0,0,--,0,0,0,--,--,0,0,--,0,0,0,0,0,0,0,0,--,--,--,0,0,0,0,--,--,0,0,--,0,--,--,0,--,0,0,0,--,--,--,--,--,--,0,0,0,0,0,0,--,0,--,--,0,0,0,0,--,0,0,0,0,0,--,0,0,--,0,0,0,0,0,0,0,0,0,--,--,--,0,0,0,0,0,0,0,0,0,--,0,--,0,0,0,0,0,0,0,0,0
Cayman Islands,0,0,0,0,0,0,0,0,0,0,0,0,0,0,0,0,0,0,0,0,0,0,0,0,0,0,0,0,0,0,0,0,0,0,0,0,0,0,0,0,0,0,0,0,0,0,0,0,0,0,0,0,0,0,0,--,0,0,0,--,0,0,0,0,0,0,0,0,--,0,0,0,0,0,0,0,0,0,0,--,--,--,0,--,--,--,0,0,0,0,0,--,--,0,0,0,--,--,0,0,0,0,--,--,--,0,0,0,0,0,0,0,0,0,--
Central African Republic,--,--,--,--,--,--,--,--,--,--,--,5,--,--,0,--,--,--,--,--,10,--,10,--,10,0,--,0,--,--,--,5,5,--,5,5,5,--,--,0,--,--,--,5,0,5,--,--,--,--,--,--,--,--,--,10,10,--,--,--,--,--,0,--,0,0,--,--,--,0,--,--,--,--,--,--,--,--,5,5,--,--,--,--,--,--,0,0,5,--,--,5,5,0,0,--,5,--,--,--,--,--,5,10,10,--,--,5,--,--,--,--,--,5,--
"Chad, Republic of",0,--,--,--,--,5,5,10,10,--,10,5,10,--,5,5,10,5,--,10,10,5,5,10,--,--,--,--,--,--,--,5,5,--,--,5,10,--,--,--,--,10,5,10,10,5,5,10,15,5,5,--,5,5,5,5,20,--,0,10,--,--,--,--,--,--,--,15,15,--,--,10,10,--,--,--,5,5,15,15,20,5,10,20,15,5,10,10,--,15,5,30,20,5,10,15,10,10,10,10,20,15,30,40,30,5,--,20,35,5,15,15,5,15,15
Chile,35,15,15,20,25,20,30,70,55,20,20,35,40,30,20,40,25,35,25,80,55,20,30,35,25,15,25,30,45,15,50,110,65,30,25,50,45,25,35,55,35,50,50,120,35,35,40,40,60,20,45,35,45,45,65,110,65,30,20,40,50,35,25,30,30,20,20,50,75,30,40,70,75,75,105,100,85,70,95,265,165,110,95,190,120,90,95,115,75,85,120,325,105,55,75,190,100,70,125,125,60,110,170,370,80,90,90,145,100,60,120,85,60,55,80
"China, People's Republic of","3,430","2,470","2,045","2,575","3,445","4,480","9,670","18,800","9,510","4,150","3,645","4,280","4,860","4,140","3,365","4,005","7,910","9,305","5,970","18,625","9,105","5,200","3,955","4,425","3,780","3,145","2,670","2,820","5,535","7,340","10,300","24,780","12,065","7,175","3,835","4,025","4,580","3,285","2,860","6,015","9,240","12,175","7,870","20,540","7,610","4,980","6,225","4,070","5,495","3,985","5,025","6,835","8,965","8,570","10,510","21,410","7,565","3,790","2,695","3,105","3,180","1,905","1,870","4,935","8,940","4,070","3,135","12,755","13,380","2,995","2,010","2,455","2,465","1,760","2,635","3,505","6,280","6,775","5,895","13,020","5,130","2,925","3,400","4,985","3,145","3,095","2,450","2,155","4,050","6,200","6,170","11,845","6,570","3,155","2,485","2,955","3,690","2,835","2,735","2,575","3,760","6,000","7,070","14,265","8,555","3,225","2,675","3,535","4,900","3,390","4,065","4,430","4,495","4,575","5,225"
Colombia,220,85,65,75,55,95,125,240,165,60,80,120,250,135,120,95,100,125,105,275,210,105,110,155,295,185,140,155,140,140,140,485,320,175,170,230,475,225,195,210,250,250,210,625,345,220,225,315,520,315,345,290,365,230,325,830,560,245,240,440,535,330,235,200,390,250,180,100,325,165,255,425,400,485,295,350,690,525,580,"1,135",700,655,425,970,965,675,645,855,640,680,750,"1,825","1,310",615,535,"1,165","1,065",555,645,"1,250",680,665,860,"2,110",965,590,540,"1,045",965,545,640,640,485,395,435
Comoros,--,0,0,--,0,--,0,--,--,0,--,0,0,0,0,0,0,--,--,0,--,0,0,0,--,0,0,--,0,--,0,--,--,0,--,0,--,0,--,0,0,0,--,--,5,0,--,0,--,--,--,--,--,0,0,--,5,0,--,0,--,0,0,0,--,0,0,--,--,--,--,--,--,--,--,--,--,--,--,--,--,0,--,--,--,--,0,--,--,--,0,--,--,--,--,5,10,--,0,--,--,5,--,--,--,--,5,0,5,0,5,--,0,0,--
"Congo, Democratic Republic of the",40,25,20,15,20,30,45,90,65,30,40,60,60,15,15,35,45,60,45,100,65,35,40,60,45,15,15,25,20,25,30,80,85,30,25,85,120,15,15,35,35,45,80,175,150,45,40,90,130,55,65,60,65,80,145,305,160,50,75,150,85,35,40,45,110,45,45,100,125,50,65,105,90,50,70,90,115,60,170,330,250,110,110,300,160,95,90,135,110,150,175,500,495,135,230,400,350,165,170,240,150,225,565,860,590,130,215,465,325,145,155,140,100,170,250
"Congo, People's Republic of the",15,5,15,10,--,15,30,35,20,10,--,20,15,10,10,15,15,15,10,25,30,5,5,15,15,10,10,--,10,--,5,20,25,10,10,10,15,--,10,5,15,10,10,30,25,10,--,10,25,5,5,10,15,10,10,30,35,10,10,10,5,10,--,5,10,5,5,20,30,10,10,15,10,15,5,15,15,10,20,45,30,10,15,25,20,15,10,5,10,10,15,40,30,10,20,30,20,10,20,20,15,20,30,55,40,10,15,50,35,15,20,15,15,20,30
Costa Rica,10,--,--,--,--,5,10,15,15,5,5,--,--,5,5,5,5,5,5,20,5,10,10,10,10,10,5,--,5,--,10,20,30,5,5,10,15,--,--,5,10,10,10,30,10,10,5,10,25,5,10,--,5,10,10,40,5,--,0,--,15,5,5,5,10,5,--,15,10,--,--,5,10,10,10,15,15,15,20,40,30,10,10,15,25,10,20,15,5,10,10,45,30,5,10,10,25,10,10,15,10,25,20,60,15,15,15,15,15,10,20,10,20,15,15
Croatia,--,--,--,5,--,5,5,20,25,--,10,10,5,10,--,--,10,--,5,20,10,10,5,5,5,--,5,--,--,5,5,15,5,10,--,--,5,--,--,--,--,10,--,15,10,5,--,--,--,--,--,--,5,--,--,15,5,0,--,--,--,--,--,--,--,--,--,15,5,--,--,--,5,--,--,0,--,--,--,5,10,--,--,5,--,--,--,--,--,--,--,5,--,--,0,5,--,--,--,--,--,--,5,10,5,--,5,0,5,--,--,--,0,--,--
Cuba,10,5,5,--,5,--,10,10,5,5,10,5,10,--,5,10,5,5,--,10,15,5,--,--,5,--,--,10,5,--,--,15,15,0,10,10,10,10,--,5,10,--,5,10,10,10,5,5,15,--,--,5,5,--,5,15,10,15,5,5,5,5,--,--,5,--,--,10,10,10,10,10,10,10,10,5,10,15,10,25,15,15,15,40,5,10,5,10,10,15,20,45,25,10,20,20,20,10,5,20,20,20,20,45,25,15,20,15,20,15,25,10,10,15,10
Curacao,0,0,0,0,0,0,0,0,0,0,0,0,0,0,0,0,0,0,0,0,0,0,0,0,0,0,0,0,0,0,0,0,0,0,0,0,0,0,0,0,0,0,0,0,--,0,0,0,0,--,0,0,0,0,0,0,0,0,0,0,0,0,0,0,0,0,0,0,0,0,0,0,0,0,0,0,0,0,0,--,--,0,0,0,0,0,0,0,0,0,0,0,0,0,0,0,0,0,0,0,0,0,0,0,0,0,0,0,0,0,0,0,0,0,0
Cyprus,--,0,0,0,0,--,0,5,--,0,--,0,--,--,0,0,0,--,0,--,--,0,0,0,--,--,--,0,--,0,0,--,--,0,--,--,0,--,--,--,0,--,--,--,--,0,--,0,--,--,--,0,0,0,5,5,--,0,0,0,--,0,--,0,--,0,0,0,--,--,0,--,--,--,0,0,--,--,--,5,5,--,--,--,--,0,0,0,--,0,0,--,--,--,--,0,--,--,0,0,0,--,0,--,5,0,--,--,0,--,0,--,--,0,0
Czech Republic,10,--,--,5,10,--,5,30,20,10,10,10,10,--,5,--,5,10,15,35,25,10,5,10,10,10,10,--,5,10,10,45,25,5,10,10,5,5,10,10,5,15,10,45,30,10,10,5,10,5,5,5,10,5,15,55,25,5,5,10,5,--,--,5,--,5,5,10,20,--,10,15,30,5,20,10,20,15,--,80,50,5,5,10,20,10,5,5,10,10,--,45,35,10,10,--,15,5,--,--,10,10,10,40,40,5,--,5,5,10,--,--,5,--,5
Denmark,--,0,--,5,--,--,--,50,10,--,--,5,5,5,--,0,5,5,10,45,20,--,--,5,--,--,--,--,--,--,10,50,25,5,--,5,--,--,0,--,--,5,--,55,25,--,5,0,5,--,--,--,--,--,--,60,20,--,5,--,--,--,0,--,--,--,--,5,15,--,5,5,10,--,--,--,0,5,15,150,75,5,5,10,30,--,--,--,--,--,--,60,25,--,--,5,--,--,--,--,--,5,5,45,25,--,5,--,5,--,--,--,--,--,--
"Djibouti, Republic of",--,--,--,0,0,--,0,10,--,--,--,--,5,--,--,--,--,5,--,10,--,--,--,--,5,--,--,0,--,--,--,5,10,--,0,--,5,--,5,0,--,5,--,5,5,5,10,5,10,--,--,--,0,--,5,5,10,5,--,5,--,0,--,0,--,--,--,10,--,--,--,--,--,--,--,--,--,--,--,5,--,5,--,10,5,--,--,--,--,--,5,10,5,--,10,--,10,5,--,--,5,10,15,20,10,--,10,10,5,5,5,--,--,--,--
Dominica,--,0,--,0,0,0,--,--,--,0,0,--,0,--,--,--,0,--,--,5,--,--,--,--,--,0,--,--,0,--,--,10,10,--,--,5,5,--,--,--,--,--,5,20,5,--,--,5,--,--,--,--,--,--,--,10,10,5,--,--,5,--,0,--,5,--,--,--,--,0,--,--,--,--,--,--,--,--,--,15,10,--,--,5,--,--,--,5,--,--,--,25,5,5,--,10,10,--,--,5,--,--,15,15,15,--,--,5,--,--,5,--,10,--,10
Dominican Republic,20,10,10,5,10,5,20,40,25,10,10,15,35,10,15,5,15,55,15,30,25,5,5,20,30,10,15,20,10,10,25,50,25,15,10,20,20,10,15,20,20,40,40,85,10,15,10,15,30,15,25,10,15,15,30,65,30,15,20,25,25,15,10,15,20,5,15,20,45,15,20,15,20,20,25,25,35,35,45,85,80,40,35,105,70,35,40,55,30,25,40,140,80,35,35,95,75,45,35,70,35,35,105,205,65,45,60,95,55,35,85,45,35,20,45
"East Timor, Democratic Republic of",0,0,0,0,0,0,0,0,0,0,0,0,0,0,0,0,0,0,0,0,0,0,0,0,0,0,0,0,0,0,0,0,0,0,0,0,0,0,0,0,0,0,0,0,0,0,0,0,0,0,0,0,0,--,0,0,0,0,0,0,0,0,0,0,0,0,0,0,0,0,0,--,0,0,0,0,0,0,0,0,--,0,0,--,0,0,--,0,--,0,0,0,--,0,0,0,0,0,0,0,0,0,0,0,0,0,0,0,0,0,--,--,0,0,0
Ecuador,20,15,15,10,10,20,30,90,115,25,25,25,25,25,15,35,30,30,20,140,125,35,30,35,50,20,30,35,30,25,40,180,120,55,30,50,55,35,25,50,40,60,50,210,130,35,40,60,90,50,50,45,60,40,50,220,125,65,45,60,60,45,30,50,50,20,30,85,100,30,50,90,75,50,90,95,135,105,155,245,205,160,105,235,180,90,110,125,120,120,135,315,205,145,145,215,205,120,155,220,165,165,215,580,265,145,135,265,220,135,160,170,140,75,115
Egypt,55,40,30,40,40,40,60,190,155,45,50,80,75,55,40,45,65,70,40,240,205,65,65,105,85,40,35,55,60,90,90,360,225,75,60,115,105,45,40,65,80,105,60,310,225,100,90,120,125,70,65,80,115,95,135,520,180,70,45,105,85,55,25,80,205,110,80,60,135,50,75,105,145,90,120,95,145,135,165,495,275,85,65,140,135,75,80,80,115,120,150,370,295,90,95,110,110,80,85,100,100,155,170,425,240,95,90,125,150,95,110,95,100,120,135
El Salvador,20,--,5,5,5,10,10,40,25,15,15,20,25,15,10,15,15,10,15,55,25,15,15,15,20,5,15,10,15,25,20,75,30,15,20,30,20,10,15,20,25,30,15,75,30,15,15,20,40,5,15,20,20,15,15,85,25,5,10,20,20,15,10,15,15,10,10,35,40,5,10,15,15,15,10,10,15,10,20,55,55,15,20,30,45,20,25,45,20,15,30,75,50,15,15,50,35,15,15,25,15,30,30,110,45,15,20,50,45,15,20,35,15,10,10
"Equatorial Guinea, Republic of",--,--,0,0,0,0,--,--,0,0,0,--,--,--,0,--,0,--,--,0,0,0,--,--,0,0,0,10,10,0,--,0,--,--,--,--,--,--,0,0,0,--,--,--,--,--,0,0,--,15,--,--,--,--,0,--,0,--,--,--,0,0,0,0,0,0,0,0,--,0,0,--,--,--,--,--,--,0,--,0,--,0,0,--,0,0,0,--,0,--,--,--,--,--,0,--,--,0,--,--,--,--,--,--,--,--,--,--,--,0,0,--,--,--,--
Eritrea,--,10,--,10,5,5,--,15,10,10,--,10,10,5,10,--,--,10,5,15,10,--,15,25,15,20,25,10,15,15,10,25,25,20,25,20,20,20,5,10,15,10,5,10,5,20,20,15,10,10,15,5,10,5,5,5,--,5,--,--,10,--,5,5,5,--,--,10,5,--,10,0,--,--,5,--,--,10,--,--,5,0,--,--,--,--,--,--,--,5,--,--,5,--,--,--,--,--,--,5,10,--,--,10,--,0,--,--,5,--,--,--,--,--,--
Estonia,0,--,0,0,0,--,--,5,5,--,0,0,--,--,--,--,--,--,0,10,--,--,--,--,--,0,--,0,0,0,--,5,--,0,--,--,--,--,0,0,0,0,0,10,--,--,--,--,--,--,0,0,--,0,--,--,0,0,0,--,--,0,0,0,0,0,0,0,5,--,--,--,--,0,0,--,--,0,--,5,5,--,0,--,0,0,0,0,0,0,--,--,--,0,--,0,0,0,--,0,0,--,--,--,--,--,0,0,--,--,0,--,--,0,0
Ethiopia,10,5,5,10,--,--,5,30,30,10,5,25,25,10,10,15,25,20,20,30,20,20,10,20,15,5,10,10,25,25,25,60,35,15,20,20,20,15,15,25,25,20,20,65,35,35,20,30,25,15,25,20,30,15,20,80,35,20,10,20,15,5,5,15,15,10,15,40,35,10,20,30,35,15,20,20,30,25,30,45,50,10,25,20,45,20,30,30,50,30,25,75,45,20,30,75,70,45,45,105,95,50,70,135,70,45,40,80,60,35,30,30,30,30,20
Fiji,--,--,--,0,--,--,--,--,0,0,--,--,--,--,--,--,--,--,--,5,--,--,--,--,--,--,0,0,--,5,--,--,--,--,--,--,--,0,--,--,--,--,--,--,5,--,--,--,--,0,--,--,--,--,--,--,--,0,0,--,--,--,--,0,--,0,--,--,--,0,--,0,--,0,5,--,--,0,5,--,--,--,10,--,--,--,0,--,--,--,0,5,--,--,--,--,5,--,--,--,5,5,10,10,5,--,--,5,10,--,5,--,5,--,--
Finland,5,0,--,0,--,--,10,50,20,--,--,5,--,5,--,--,5,10,--,55,30,--,--,5,--,--,5,--,--,5,10,65,20,--,--,--,--,--,--,--,5,5,--,55,35,--,--,--,--,--,5,--,--,--,10,55,25,5,--,--,--,0,0,--,5,--,--,--,10,--,10,10,10,--,10,10,10,--,--,65,40,10,--,15,20,--,--,--,10,10,5,40,20,5,5,5,--,--,0,5,10,5,--,25,20,--,--,--,10,5,5,--,--,--,5
France,795,275,260,270,320,350,"1,125","6,105","1,415",370,310,575,770,390,335,380,455,590,585,"5,620","1,700",430,380,555,815,290,285,280,415,315,695,"6,490","2,125",695,520,670,"1,015",280,290,420,425,515,805,"6,730","1,585",810,425,410,"1,185",455,485,475,380,540,960,"7,235","1,950",500,240,450,880,255,235,390,520,205,270,"1,230","1,925",380,800,"1,340","2,160",575,590,565,820,590,"1,955","7,285","3,520",840,605,"1,165","1,630",575,440,450,575,760,"1,215","7,720","1,980",555,490,730,"1,205",515,605,385,340,840,"1,590","7,350","1,630",515,345,535,985,430,590,445,310,515,825
French Guiana,0,0,0,0,0,0,0,0,0,0,0,0,0,0,0,0,0,0,0,0,0,0,0,0,0,0,0,0,0,0,0,0,0,0,0,0,0,0,0,0,0,0,0,0,0,0,0,0,--,0,0,0,0,0,0,0,0,0,0,0,0,0,0,0,0,0,0,0,0,0,0,0,0,0,0,0,0,0,0,0,0,0,0,0,0,0,0,0,0,0,0,0,0,0,0,0,0,0,0,0,0,0,0,0,0,0,0,0,0,0,0,0,0,0,0
French Polynesia,0,0,0,0,0,0,0,0,0,0,0,0,0,0,0,0,0,0,0,0,0,0,0,0,0,0,0,0,0,0,0,0,0,0,0,0,0,0,0,0,0,0,0,0,--,0,0,0,0,0,0,0,0,0,5,15,--,0,0,0,--,0,0,0,0,0,0,--,0,0,0,0,--,0,0,0,0,0,0,25,--,0,0,--,--,0,0,0,0,0,0,0,0,0,0,0,0,0,0,0,--,0,--,--,--,--,--,0,--,0,0,--,0,0,--
Gabon Republic,5,--,10,5,5,5,5,10,15,5,5,10,5,5,5,--,5,--,--,15,10,--,--,10,5,0,--,--,5,--,10,15,20,5,5,15,5,--,--,--,10,5,--,20,15,15,--,5,15,5,10,10,5,--,--,20,15,--,10,10,15,--,--,--,5,--,--,20,20,--,5,10,10,--,10,10,10,5,10,25,25,10,10,15,15,10,5,15,10,--,10,30,25,10,10,20,25,10,10,10,10,10,25,35,30,15,10,20,30,10,10,15,10,10,25
Gambia,--,--,--,--,--,--,--,10,5,5,5,10,5,5,--,0,--,--,--,10,10,5,5,10,--,--,0,--,--,--,--,10,10,--,--,10,5,5,--,10,--,10,5,15,5,--,--,5,--,--,--,5,5,5,5,15,15,--,--,15,10,--,0,0,0,--,--,15,10,--,--,10,--,5,--,--,--,--,5,25,15,5,5,30,10,5,--,15,--,10,10,30,5,--,5,15,10,--,--,15,15,15,30,40,30,--,15,25,25,10,10,15,15,10,15
Georgia,--,--,0,0,0,0,--,--,--,0,--,--,0,0,0,--,0,--,0,5,--,--,--,--,--,--,0,0,--,--,--,5,--,--,--,--,--,0,--,--,0,--,--,--,--,--,0,--,0,--,--,0,--,0,--,--,--,--,0,0,0,0,0,0,0,0,0,--,0,--,--,--,--,--,0,--,--,0,--,10,--,0,--,--,--,--,--,--,0,--,5,--,5,--,--,--,5,--,10,--,5,5,10,5,--,5,0,--,0,5,10,--,--,--,--
Germany,95,40,30,45,45,50,110,960,510,55,60,55,105,65,65,55,70,80,75,955,605,60,45,75,100,50,40,45,55,60,85,"1,065",595,55,45,60,75,55,50,45,45,65,65,"1,170",535,55,50,45,130,50,55,50,40,50,95,"1,470",270,30,20,35,65,40,30,65,55,25,30,95,115,35,165,100,745,55,70,115,80,80,100,"2,495","1,300",70,65,70,"1,015",160,90,60,80,75,90,"1,785",820,45,50,50,130,85,50,45,60,85,95,"1,270",525,50,30,45,120,60,60,50,35,30,65
Ghana,45,20,15,25,25,25,75,230,205,40,30,80,60,45,45,60,60,70,60,165,145,50,70,60,65,40,60,45,45,45,70,190,185,65,65,65,75,25,30,65,40,45,65,180,115,50,65,125,95,40,65,85,85,60,100,385,260,60,45,95,80,25,20,60,70,45,40,115,180,50,75,110,110,60,80,85,95,105,90,120,210,100,85,150,165,75,55,70,100,110,155,455,565,175,165,665,335,120,115,415,325,300,590,"1,860","1,695",215,340,"1,295","1,005",375,485,"1,490",745,400,460
Greece,5,--,--,5,5,10,10,40,15,15,10,10,10,5,10,--,15,15,10,40,25,10,20,15,10,--,5,5,10,15,10,65,30,15,10,20,10,10,10,10,15,15,10,45,15,10,5,20,25,5,5,5,20,10,20,40,15,5,5,15,5,5,5,5,10,10,--,20,20,10,20,20,15,10,15,20,15,20,15,40,30,10,10,10,15,5,10,5,10,15,15,35,25,10,20,10,10,5,15,10,15,10,10,35,20,5,10,5,15,5,10,5,5,10,15
Grenada,--,0,--,--,--,--,--,10,--,--,--,--,--,0,0,--,--,--,--,10,10,--,--,5,--,--,--,--,--,0,--,--,5,--,--,10,5,--,0,--,--,--,5,10,--,0,--,5,--,--,--,--,--,--,--,10,10,--,--,--,5,--,--,5,--,--,0,5,--,--,10,--,5,--,0,0,5,5,--,5,10,--,--,10,5,0,0,--,--,--,--,5,10,--,5,5,--,0,--,--,--,--,--,15,--,--,--,--,5,--,--,5,--,--,--
Guadeloupe,0,0,0,0,0,0,0,0,0,0,0,0,0,0,0,0,0,0,0,0,0,0,0,0,0,0,0,0,0,0,0,0,0,0,0,0,0,0,0,0,0,0,0,0,--,0,0,0,0,0,0,0,0,0,0,--,0,0,0,0,0,0,0,0,0,0,--,--,0,--,0,0,0,0,0,0,0,0,0,0,0,0,0,0,0,0,0,0,0,0,0,0,--,0,0,0,0,0,0,--,0,0,0,0,0,0,0,--,0,0,0,0,0,0,0
Guatemala,5,--,--,5,--,10,5,10,--,0,5,5,10,5,--,--,--,--,--,20,10,5,--,--,5,5,5,--,--,10,5,15,5,5,--,--,10,--,5,--,5,--,--,20,10,5,--,--,10,--,--,--,5,5,15,20,15,--,--,--,5,--,--,--,--,--,--,10,10,--,--,5,10,10,10,5,5,10,15,25,25,10,--,15,20,10,10,20,--,15,10,30,15,10,10,25,20,10,15,10,15,15,20,45,25,10,20,25,20,15,15,15,10,20,20
"Guinea, Republic of",15,10,10,10,5,15,20,30,20,20,20,15,15,15,20,20,20,20,25,50,40,20,20,45,35,15,10,10,20,10,20,65,35,20,15,45,35,10,10,15,20,25,30,95,55,30,25,30,75,20,10,30,15,25,45,95,85,20,20,45,35,10,20,20,30,10,10,65,60,20,15,55,30,20,30,30,35,15,45,230,115,25,40,155,90,30,40,105,50,55,150,335,125,40,70,160,170,45,60,160,85,205,640,725,535,105,315,790,430,115,205,250,175,305,650
Guinea-Bissau,0,0,0,0,0,0,--,0,--,0,0,0,0,0,0,0,0,0,0,0,0,0,0,0,--,0,0,0,0,0,0,--,--,0,0,0,0,0,0,0,--,0,--,--,0,0,0,0,0,0,0,0,0,0,0,--,0,0,0,0,0,0,0,--,--,0,0,0,0,0,0,--,0,0,0,0,0,0,--,--,0,0,--,0,--,0,--,0,0,0,0,--,--,0,0,0,0,0,--,--,0,--,0,--,--,--,0,--,--,0,5,0,0,0,--
Guyana,--,--,--,10,--,5,10,35,20,5,5,20,10,--,--,10,15,20,10,35,30,--,15,25,10,--,5,5,10,15,20,50,35,15,15,25,20,5,5,15,15,20,30,75,20,5,10,50,15,10,40,10,20,10,40,100,30,5,15,50,15,10,10,15,15,10,20,30,35,15,20,35,25,20,25,15,25,35,45,55,25,20,15,30,15,20,20,20,15,15,25,95,20,10,15,45,30,5,15,30,25,25,40,65,20,10,25,25,25,15,30,15,15,25,15
Haiti,20,25,25,10,25,25,45,70,45,25,30,30,40,25,30,25,25,35,30,75,85,25,30,50,35,20,15,20,15,35,35,85,85,30,25,45,60,20,15,35,30,45,40,105,50,45,20,25,55,30,35,30,25,40,45,110,115,25,25,20,35,20,20,35,75,25,25,65,100,30,25,70,65,40,35,35,60,55,130,125,145,105,90,105,100,115,75,60,70,80,100,305,290,80,95,195,235,75,110,120,50,125,225,525,340,145,190,285,300,100,95,105,65,110,125
Holy See,0,0,0,0,0,0,0,0,0,0,0,0,0,0,0,0,0,0,0,0,0,0,0,0,0,0,0,0,0,0,0,0,0,0,0,0,--,0,0,0,0,0,0,0,0,0,0,0,0,0,0,0,0,0,0,0,0,0,0,0,--,0,0,0,0,0,0,0,0,0,0,0,0,0,0,0,0,0,0,0,0,0,0,0,0,0,0,0,0,0,0,0,0,0,0,0,0,0,0,0,0,0,0,0,0,0,0,0,0,0,0,0,0,0,0
Honduras,--,10,--,10,--,--,5,15,5,5,10,--,10,10,5,--,5,5,15,30,20,10,5,15,10,--,10,--,5,5,5,50,20,10,5,10,20,10,--,15,10,10,10,40,20,15,10,20,20,--,--,5,10,--,15,65,25,5,5,5,20,--,5,5,5,5,--,30,15,5,10,--,10,--,10,15,15,20,20,60,40,30,15,40,55,20,20,40,20,15,20,80,45,20,10,35,50,20,20,25,30,25,30,90,35,30,15,55,45,30,25,25,20,10,20
Hong Kong SAR,125,65,60,60,100,115,265,580,390,140,125,155,150,120,110,110,205,260,180,605,335,170,130,140,130,85,80,70,145,155,275,720,435,205,120,135,130,85,65,130,220,290,225,655,280,155,190,135,185,105,105,160,195,195,290,690,285,130,95,155,215,80,55,35,195,120,200,515,550,210,255,325,330,155,200,215,375,465,710,"1,655",770,315,385,"1,065",535,270,370,555,575,725,"1,315","2,890",780,425,455,930,495,330,445,490,465,680,"1,130","2,140",700,335,345,555,490,365,445,510,365,400,510
Hungary,--,10,--,5,5,--,10,30,15,10,10,10,5,5,5,--,--,5,10,30,20,5,10,5,5,5,5,--,--,10,--,35,15,10,5,--,5,--,--,5,--,10,--,30,15,5,5,10,5,--,5,--,--,10,5,40,20,10,--,5,--,0,--,--,--,--,--,10,15,--,10,10,15,5,--,--,10,10,10,25,20,--,--,10,10,5,--,--,10,5,5,35,20,--,--,10,10,--,--,5,--,--,10,30,15,5,5,5,--,5,--,--,5,0,--
Iceland,--,--,0,--,5,--,5,20,5,0,--,--,--,5,--,--,--,--,--,10,5,--,--,--,--,--,--,--,--,--,0,15,10,--,--,0,5,--,--,--,--,--,--,5,5,--,--,--,--,0,--,--,--,0,10,15,5,--,--,--,--,--,--,--,--,--,--,--,5,--,--,--,0,--,0,--,0,--,--,10,5,--,--,--,5,5,0,0,--,5,--,5,--,0,--,--,--,--,--,--,--,--,--,--,--,0,--,0,--,0,--,--,--,--,0
India,"1,290",565,775,"2,145","1,625",745,"2,220","9,435","3,605",895,"1,605","7,600","1,920","1,255","1,235","3,155","2,450","1,865","2,090","12,605","6,115","1,570","3,765","15,480","3,355","1,135","2,310","6,305","5,695","1,815","3,930","19,950","7,485","2,535","5,125","24,685","6,920","2,055","5,000","14,745","4,490","4,720","6,675","23,650","9,885","2,680","5,035","23,520","6,940","3,500","5,505","14,545","8,240","4,590","6,790","38,490","13,180","2,900","3,105","32,565","9,160","3,005","3,865","5,605","6,805","3,605","2,845","12,690","20,545","5,310","4,090","7,415","7,610","7,840","9,880","15,595","5,095","7,540","14,600","30,500","35,240","11,755","6,305","23,175","12,780","9,355","10,385","25,150","15,760","8,935","9,020","45,745","22,730","7,470","6,420","59,085","12,065","5,550","8,195","47,000","13,055","10,405","12,385","78,515","17,965","6,380","8,385","64,075","18,280","8,785","17,485","36,660","10,695","8,665","7,860"
"Indonesia, Republic of",55,15,30,40,30,35,75,245,105,40,40,70,50,40,50,40,50,55,45,285,85,40,45,60,45,50,35,30,55,55,60,345,125,70,50,70,55,25,35,80,70,65,90,480,115,55,70,95,80,70,60,90,55,75,105,520,115,55,30,80,80,35,30,65,55,25,40,135,175,70,55,70,90,60,65,85,115,100,105,460,195,65,70,250,105,60,90,90,90,120,110,430,325,80,90,130,110,85,90,80,100,125,145,580,245,75,65,100,130,95,100,70,70,90,85
Iran,130,105,80,100,100,120,280,565,410,125,120,275,190,185,115,155,190,215,190,590,540,195,205,350,250,145,150,240,205,220,310,"1,160",990,385,300,515,335,190,185,345,370,470,440,"1,290","1,250",685,545,"1,175",895,420,475,560,615,655,875,"2,230","1,405",500,465,990,605,340,295,590,"1,120",735,555,400,"1,035",430,395,985,"1,320",720,590,745,985,"1,015","1,045","2,520","1,085",465,530,"1,455",950,620,580,765,775,910,"1,070","3,285","2,010",650,785,"1,505","1,130",650,945,865,760,"1,030","1,505","3,395","1,975",645,845,"1,485","1,325",905,950,915,645,670,935
Iraq,10,5,--,--,5,10,10,25,30,10,--,10,15,10,10,10,15,5,--,30,20,10,15,15,20,10,--,5,10,10,5,25,25,5,10,20,20,15,15,15,10,15,--,25,20,20,20,40,25,10,5,15,25,20,10,30,10,10,10,5,10,5,10,15,15,15,10,20,15,5,5,15,10,10,15,5,10,15,20,30,30,20,25,45,15,10,20,15,20,25,10,35,30,30,10,25,25,10,15,15,15,15,40,50,45,20,20,30,35,20,20,10,20,30,15
"Ireland, Republic of",10,5,--,10,20,10,10,70,50,20,10,10,10,15,10,15,15,15,5,75,40,10,15,15,10,--,--,--,10,10,5,75,50,20,10,--,10,--,--,5,--,10,10,55,30,5,10,15,15,5,--,--,5,10,15,65,25,5,--,10,15,5,--,--,5,15,--,15,30,5,5,15,25,5,10,10,10,15,25,65,70,10,10,20,30,10,5,15,10,15,20,75,30,15,5,15,20,5,10,10,10,10,10,55,40,10,10,10,5,5,15,10,10,--,--
Israel,10,10,25,20,15,35,70,90,45,30,15,25,15,25,25,15,40,40,80,90,45,20,25,30,15,15,20,25,20,55,60,105,70,30,35,35,25,15,15,30,25,65,65,90,30,30,35,30,20,25,20,20,40,55,75,140,45,15,25,45,30,20,15,30,40,15,45,65,45,25,35,55,25,30,40,35,45,75,100,120,45,25,35,65,25,10,35,45,15,65,70,85,35,25,35,50,50,20,50,35,35,70,120,140,60,35,30,40,75,45,40,45,60,60,100
Italy,80,35,20,40,40,50,75,360,185,40,35,65,115,65,55,55,70,80,60,450,295,55,70,75,90,40,50,45,60,45,75,555,300,85,50,80,150,50,50,60,50,80,80,565,210,60,70,55,150,70,60,70,55,50,90,585,195,45,55,60,75,40,35,80,65,35,35,115,130,45,95,90,660,70,80,135,75,95,90,955,605,100,75,100,475,160,75,70,75,85,85,880,370,55,55,75,175,70,70,60,45,100,105,600,320,60,60,55,120,70,55,65,40,55,50
"Ivory Coast, Republic of",55,15,25,35,35,20,80,170,95,25,40,65,90,35,30,40,40,45,45,155,80,30,45,80,75,15,20,20,55,25,55,170,110,60,35,115,110,20,20,45,50,60,55,295,130,65,50,70,145,35,65,65,55,70,90,315,155,45,45,160,105,35,30,40,70,25,45,160,210,45,50,135,155,75,105,85,145,55,200,540,270,75,75,230,195,95,75,125,105,125,220,530,280,80,100,255,325,130,140,165,170,335,715,"1,030",570,215,290,835,465,135,215,210,165,230,635
Jamaica,80,30,30,45,60,60,145,380,240,65,80,165,160,75,75,75,95,105,145,440,225,90,85,170,70,35,50,75,95,80,140,435,250,80,90,180,150,50,45,90,105,135,170,450,175,85,90,195,140,75,85,85,85,105,190,645,310,85,85,205,140,50,45,85,190,160,115,105,160,55,95,145,145,70,75,65,140,170,175,295,205,125,85,220,115,75,85,85,125,120,140,410,225,60,90,150,175,70,90,145,95,135,200,485,300,85,100,265,175,90,115,125,95,90,140
Japan,385,275,505,930,470,295,480,"1,285",955,265,225,235,505,430,600,980,505,500,385,"1,280","1,005",345,235,260,420,345,520,930,365,395,460,"1,630",935,400,240,230,495,405,620,915,500,440,350,"1,630",805,300,285,240,635,385,700,815,490,370,450,"1,755",745,245,170,185,495,355,240,210,350,160,155,395,645,185,280,295,545,240,555,990,590,595,555,"1,435","1,060",700,515,455,"1,250",990,"1,100","1,620",915,735,720,"2,040","1,200",485,355,305,610,585,575,925,570,610,685,"1,810","1,100",325,250,270,565,465,515,490,335,400,375
Jordan,15,15,15,20,20,20,25,60,45,20,25,20,30,35,15,15,25,20,35,90,80,30,15,40,25,10,15,20,30,25,40,140,80,25,25,35,50,15,20,30,45,40,25,130,85,45,40,120,65,50,35,75,50,80,60,270,95,60,40,75,35,40,40,50,125,50,45,25,85,40,65,85,75,50,60,95,95,120,105,280,165,130,55,245,125,110,75,90,75,125,95,455,220,185,65,235,100,75,90,95,100,150,145,310,195,130,85,190,120,100,65,105,65,55,65
Kazakhstan,25,15,20,25,30,20,35,145,80,40,35,35,40,20,25,35,30,55,40,140,130,30,45,35,45,20,20,15,30,35,50,190,140,50,35,30,45,15,20,30,40,45,50,255,100,40,50,30,55,15,30,30,30,35,55,240,110,35,25,35,40,20,20,30,30,30,20,65,70,20,20,30,60,35,25,30,40,50,25,255,75,45,40,65,70,30,30,25,45,45,45,75,45,25,35,55,160,55,35,50,40,40,70,140,105,40,30,60,95,30,40,35,30,35,30
Kenya,15,15,15,20,20,10,35,125,75,20,20,70,55,25,25,40,40,30,30,190,105,35,40,90,40,15,20,40,55,25,60,250,110,45,45,100,75,25,40,85,45,55,60,295,150,55,50,120,95,40,60,85,60,55,70,325,145,40,30,80,75,35,50,75,80,40,40,110,175,55,55,85,80,45,65,100,85,90,100,180,175,65,80,160,160,55,85,90,90,75,115,200,165,70,65,185,145,50,100,165,160,115,170,455,295,100,125,295,240,135,110,150,105,120,130
"Korea, People's Democratic Republic of",--,0,0,0,0,0,--,--,--,0,0,--,--,--,0,0,0,0,0,0,--,--,0,0,--,0,--,0,--,0,--,--,--,--,--,--,0,0,--,--,0,0,0,--,0,0,0,--,--,0,0,0,0,0,0,0,--,--,--,0,--,0,0,0,--,0,--,0,--,0,--,0,0,0,0,0,0,0,--,0,0,0,0,0,0,0,0,0,0,0,--,--,0,--,0,0,--,0,0,0,0,0,0,0,--,0,0,0,0,0,--,0,0,0,--
"Korea, Republic of","1,225","1,020",900,965,880,"1,065","2,135","2,650","1,945",950,855,"1,305","1,610","1,275","1,145","1,100","1,475","1,570","1,570","2,440","1,725","1,075",905,"1,415","1,390","1,110","1,105",925,"1,080","1,255","1,795","3,740","2,205","1,125",880,"1,445","1,695","1,090","1,015","1,200","1,450","1,840","1,740","2,960","1,575",920,"1,075","1,495","1,950","1,170","1,225","1,235","1,360","1,405","2,040","3,445","1,495",810,625,"1,200","1,450","1,025",645,790,"1,530",695,635,"1,295","1,915",440,610,850,845,560,590,695,940,"1,230","1,560","1,825",890,525,500,"1,045","1,200",720,705,650,795,"1,225","1,335","2,580","1,020",620,495,765,"1,015",710,640,545,755,"1,135","1,380","2,345","1,035",420,405,635,"1,040",715,670,490,545,600,760
"Kosovo, Republic of",--,--,5,0,5,0,--,5,10,--,--,10,--,--,5,5,5,--,5,5,0,--,5,--,5,0,0,0,--,--,0,--,--,--,0,0,5,--,0,--,--,--,5,10,0,--,--,--,--,--,--,--,--,--,--,--,--,--,--,--,--,--,--,--,--,--,10,5,--,--,5,--,10,5,--,--,--,--,--,10,15,--,5,10,5,--,--,10,--,5,--,--,10,10,--,--,10,5,--,--,10,10,10,10,15,15,5,--,10,5,10,5,5,--,--
Kuwait,--,--,--,10,--,10,10,25,45,10,--,10,15,5,5,--,10,10,5,30,40,15,5,10,--,5,5,5,5,10,10,60,40,10,--,10,5,5,10,--,10,10,5,50,20,10,10,10,15,--,5,10,10,10,15,60,30,--,--,10,5,--,--,--,5,--,10,15,40,5,--,5,10,10,15,5,10,15,25,45,60,20,10,15,5,15,10,10,15,15,10,85,55,10,15,25,5,15,10,10,15,20,15,60,105,15,5,10,10,--,15,10,--,5,10
Kyrgyzstan,0,--,0,--,0,0,--,--,--,--,--,0,--,--,--,0,--,--,--,15,10,--,--,0,--,--,--,--,0,--,--,15,15,--,10,--,10,--,--,5,--,--,--,20,10,--,5,--,5,--,5,--,--,--,5,15,15,5,--,10,10,5,--,--,5,--,--,--,15,--,5,5,5,--,0,--,--,10,5,25,15,--,--,15,10,5,--,--,5,10,5,15,--,--,--,25,30,5,5,5,5,5,10,25,20,10,10,25,20,5,10,15,5,10,5
Laos,--,0,0,0,--,0,--,--,--,0,0,--,--,--,--,--,0,--,0,5,--,--,0,--,--,--,0,0,--,0,0,5,--,--,--,0,0,0,0,--,0,--,--,--,0,--,--,0,0,--,--,0,--,0,--,--,--,--,--,--,--,0,0,--,0,--,--,--,--,--,0,--,0,0,0,0,--,0,--,5,--,--,0,0,0,--,--,--,--,--,--,--,0,--,--,--,--,--,0,--,--,--,--,5,5,--,--,--,--,--,--,--,0,--,--
Latvia,--,--,--,--,--,--,--,10,5,0,0,--,--,--,--,--,--,--,--,10,5,--,--,--,--,--,--,0,0,--,--,10,15,--,--,0,0,--,0,--,0,--,--,10,5,--,--,--,--,--,0,--,--,--,--,10,5,10,--,--,--,--,--,--,0,--,--,--,5,--,0,--,--,--,--,--,--,--,--,5,--,--,--,--,--,0,--,--,0,--,0,10,5,0,--,--,--,--,--,0,0,--,--,--,10,--,--,--,0,--,0,--,--,--,--
Lebanon,25,15,10,20,20,25,45,100,55,25,35,40,30,25,25,30,20,35,35,115,85,35,25,40,35,25,20,20,30,20,35,145,70,30,35,55,45,25,20,25,35,35,30,135,75,45,25,40,50,25,25,25,30,30,35,200,90,20,20,40,35,20,10,40,80,45,35,40,50,25,90,100,115,50,65,80,80,85,105,430,170,40,55,95,95,50,65,65,75,85,110,410,160,65,70,125,90,55,75,70,60,95,185,315,135,55,45,50,115,75,45,70,50,60,75
Lesotho,0,0,0,0,--,0,--,0,0,--,0,0,0,0,0,0,--,0,--,--,--,0,--,0,0,--,0,0,--,0,0,0,0,0,0,--,0,0,0,0,0,--,0,0,0,0,--,0,0,--,0,0,0,0,0,0,--,0,0,0,0,0,0,0,0,0,0,--,0,0,--,0,0,0,0,0,--,0,0,--,--,0,0,0,--,0,0,0,0,0,0,--,0,0,--,0,0,0,0,--,0,0,--,--,0,0,--,--,0,--,0,--,--,0,0
Liberia,0,0,0,--,0,--,--,--,--,0,--,--,0,--,0,0,--,0,0,5,--,--,0,--,0,0,0,--,0,0,0,--,--,0,--,--,0,0,0,0,0,0,--,--,0,--,0,--,--,0,0,--,--,0,--,5,--,--,0,0,0,0,--,--,0,0,--,0,--,0,--,--,--,--,--,--,--,--,--,--,--,--,0,--,--,0,0,--,--,--,--,10,5,0,5,15,--,--,--,10,--,--,10,15,25,5,5,20,20,10,10,10,10,10,15
Libya,70,95,75,130,125,130,170,175,210,120,85,95,120,110,75,35,100,85,65,90,95,85,90,95,55,55,75,45,65,70,65,85,135,55,50,65,60,45,25,25,65,90,30,35,40,40,50,30,85,30,55,40,45,40,45,35,65,40,35,35,40,20,20,35,70,25,15,50,60,45,40,65,35,25,35,15,15,30,30,30,35,20,15,30,15,20,25,40,20,20,20,35,40,40,25,35,50,40,10,20,10,25,25,65,50,20,20,30,40,20,20,15,15,15,20
Liechtenstein,0,0,0,0,0,0,0,0,0,0,0,0,0,0,0,0,0,0,0,0,0,0,--,0,--,0,0,0,0,0,0,--,--,0,0,--,0,0,--,0,0,0,0,0,--,0,0,0,0,0,0,0,0,0,--,0,0,0,0,0,0,0,0,0,0,0,0,0,0,0,0,0,0,0,0,0,--,0,0,0,0,0,0,0,0,0,0,0,0,0,0,0,0,0,0,0,0,0,0,0,0,0,0,--,--,0,0,0,0,0,0,0,0,0,0
Lithuania,--,0,--,5,--,--,--,10,15,--,0,--,--,--,--,--,--,--,--,10,--,--,--,--,5,--,--,--,--,5,0,10,10,--,--,5,--,--,--,5,5,0,--,5,5,5,--,--,--,--,--,--,--,--,5,10,10,--,--,--,--,0,--,--,--,--,--,--,5,--,5,--,--,--,0,--,--,--,5,10,5,--,--,--,--,--,--,--,0,0,--,10,5,--,0,--,--,0,--,--,5,--,0,--,10,--,--,--,--,--,--,--,--,--,--
Luxembourg,--,0,--,--,--,--,--,15,--,--,--,--,--,--,--,--,--,--,--,20,5,--,--,--,5,--,0,0,--,0,5,10,5,0,--,--,0,--,--,--,0,--,0,15,--,--,0,--,--,--,5,--,--,0,--,15,--,--,0,--,--,--,--,--,--,0,--,5,--,--,0,--,5,--,--,--,--,--,10,25,10,--,--,0,--,--,--,--,--,--,--,20,10,--,--,--,--,0,--,--,--,5,--,15,5,--,--,--,0,--,--,--,--,0,--
Macau SAR,15,5,5,5,15,10,25,60,40,10,10,5,20,5,10,10,20,20,15,45,30,15,10,--,10,5,--,--,10,10,25,50,50,20,5,5,15,5,10,10,20,20,15,65,25,15,15,10,10,10,15,10,20,15,20,55,20,5,--,5,15,5,--,--,15,5,15,30,40,5,5,5,--,--,5,--,10,15,10,15,20,10,15,10,5,10,5,5,10,10,15,30,20,15,5,10,15,10,10,--,10,10,20,30,25,5,5,--,10,--,5,--,5,--,10
Macedonia,--,--,0,0,--,--,0,5,--,0,--,0,--,--,0,--,0,--,--,5,5,--,--,--,0,0,--,--,--,--,--,--,5,0,--,0,--,0,0,--,--,0,--,--,--,--,--,--,0,0,--,0,--,--,0,5,--,--,--,--,--,--,0,0,--,0,--,0,--,--,--,--,--,--,0,0,5,--,0,10,5,--,--,--,--,0,--,--,--,--,0,10,--,5,10,5,--,--,0,--,--,10,5,5,--,--,--,5,--,5,0,--,--,--,0
Madagascar,15,5,--,5,10,--,15,25,10,5,--,15,20,10,5,10,10,20,15,30,25,10,10,15,10,5,5,5,15,10,15,45,25,15,10,10,20,5,10,5,5,10,5,45,20,10,10,15,15,10,15,15,--,15,10,65,30,10,10,15,20,10,--,10,15,5,5,30,40,5,10,45,35,10,15,10,20,15,25,80,50,20,15,30,45,15,15,20,15,20,50,100,70,15,20,45,55,20,25,35,30,30,65,135,90,35,50,55,55,20,40,20,25,35,55
Malawi,--,0,--,0,--,--,0,--,5,0,--,--,--,--,--,0,--,--,--,5,--,--,--,--,--,--,--,--,--,--,--,5,--,--,--,--,--,--,--,--,--,0,0,5,--,0,5,0,5,0,0,--,--,--,--,5,--,--,0,0,--,0,0,0,--,--,--,5,5,--,0,--,--,--,0,--,--,--,--,5,5,--,--,--,5,--,--,--,--,--,--,10,--,--,--,--,--,--,--,5,--,5,5,10,--,--,--,--,5,--,--,--,0,--,0
Malaysia,25,20,10,25,25,35,60,215,125,20,20,50,30,25,25,45,45,40,25,205,110,35,20,50,25,15,20,25,30,25,45,230,125,35,25,55,35,10,10,40,40,35,30,260,105,35,40,60,50,30,30,40,30,40,35,215,100,20,20,40,35,15,20,30,30,10,15,70,95,35,30,50,35,15,30,20,30,55,40,145,100,25,35,60,50,35,30,30,50,45,45,155,95,25,30,55,60,20,35,35,30,45,50,165,85,15,25,25,45,35,30,25,25,40,25
"Maldives, Republic of",0,0,0,0,--,0,0,--,--,0,0,0,0,--,--,--,0,0,0,0,--,0,0,--,0,0,0,--,0,0,0,--,--,0,0,0,0,0,0,0,0,--,--,0,0,0,0,--,--,0,0,0,--,0,0,--,--,0,0,0,--,0,0,0,--,0,0,0,--,0,0,0,--,0,0,0,0,0,0,--,0,0,--,--,0,0,0,0,0,--,0,--,--,0,0,--,--,--,0,0,--,0,0,--,--,0,0,0,--,0,0,0,0,0,--
"Mali, Republic of",45,20,15,20,20,15,45,65,50,15,15,60,65,30,15,25,40,20,20,85,45,20,30,40,60,20,15,15,25,15,25,55,70,30,35,60,75,20,15,30,30,45,35,75,65,20,25,40,70,25,50,30,20,30,35,75,65,20,15,75,70,35,25,15,25,15,10,75,95,25,40,45,25,20,40,30,50,30,60,105,90,25,30,65,35,45,35,35,50,55,75,140,105,25,35,35,65,25,45,45,40,60,150,225,205,45,55,70,95,60,50,55,35,40,75
Malta,0,0,0,--,0,0,--,0,--,0,0,--,0,--,0,--,0,0,0,--,0,0,0,--,0,0,0,0,0,--,0,0,--,0,0,0,0,0,0,0,0,0,--,--,0,0,0,0,0,0,0,0,0,--,0,--,--,--,0,0,0,0,0,--,--,0,0,--,0,0,0,--,0,0,0,0,0,0,0,5,0,--,0,0,--,0,0,0,0,--,0,--,0,0,0,--,0,0,--,0,0,--,--,0,--,0,0,0,--,--,0,0,0,0,0
"Marshall Islands, Republic of the",0,0,0,0,0,0,0,0,0,0,0,0,0,0,0,0,0,0,0,0,0,0,0,0,0,0,0,0,0,0,0,0,0,0,0,0,0,0,0,0,0,0,0,0,0,0,0,0,0,0,0,0,0,0,0,--,0,0,0,0,0,0,0,0,0,0,0,0,--,0,0,0,0,0,0,0,0,0,0,0,0,0,0,0,0,0,0,0,0,0,0,--,0,0,0,0,0,0,0,0,0,0,0,0,0,0,0,0,0,--,0,0,0,0,0
Martinique,0,0,0,0,0,0,0,0,0,0,0,0,0,0,0,0,0,0,0,0,0,0,0,0,0,0,0,0,0,0,0,0,0,0,0,0,0,0,0,0,0,0,0,0,0,0,0,0,0,0,0,0,0,0,0,0,0,0,0,0,--,0,0,0,0,0,0,0,0,0,0,0,0,0,0,0,0,--,0,0,0,0,0,0,0,0,0,0,0,0,0,0,0,0,0,0,0,0,0,0,0,0,0,0,0,0,0,0,0,--,0,0,0,0,0
Mauritania,--,5,0,0,--,0,--,15,5,0,--,--,--,--,--,--,--,--,--,5,10,5,0,--,--,0,--,--,5,--,5,15,15,--,--,5,10,--,5,5,--,5,--,20,10,5,--,--,10,--,5,--,5,5,--,15,--,5,5,--,5,--,--,--,--,--,--,5,10,--,--,10,--,--,--,--,--,5,15,10,10,--,5,20,5,--,--,--,5,5,10,15,10,--,--,10,10,--,5,5,--,5,25,45,30,5,10,15,10,--,--,10,--,--,10
Mauritius,20,--,10,15,20,15,30,130,75,15,25,40,30,30,10,15,20,35,25,165,100,25,25,40,30,20,20,25,25,20,35,245,125,25,10,45,30,5,15,20,30,25,35,290,65,15,35,55,35,15,20,30,25,15,45,295,75,25,15,55,35,15,10,15,25,10,15,45,70,15,20,30,40,10,10,15,25,35,45,235,60,25,30,105,70,30,35,45,45,50,45,250,95,35,45,70,65,25,30,40,40,60,95,280,100,35,25,60,65,40,45,50,25,25,75
Mexico,290,145,110,170,155,200,315,"1,265","1,150",185,125,215,365,175,165,190,230,260,305,"1,560","1,195",200,180,230,355,180,165,170,190,275,355,"1,875","1,295",285,220,270,415,220,205,300,260,330,360,"1,985",950,285,290,315,615,250,260,280,310,295,480,"2,120",975,305,240,290,530,245,215,220,295,140,130,505,750,230,250,425,590,390,345,360,655,655,745,"2,205","1,500",825,665,"1,155","1,025",530,570,640,590,735,815,"2,630","1,315",500,505,845,915,560,750,700,570,800,935,"2,910","1,345",700,595,915,"1,020",630,605,540,435,455,520
"Micronesia, Federated States of",0,0,0,0,0,0,0,0,0,0,0,0,0,0,0,0,0,0,0,0,0,0,0,0,0,0,0,0,0,0,0,0,0,0,0,0,0,0,0,0,0,0,0,0,0,0,0,0,0,0,0,0,0,0,0,0,0,0,0,0,0,0,0,0,0,0,0,0,0,0,0,0,0,0,0,0,0,0,0,0,0,0,0,0,0,0,0,0,0,0,0,0,0,0,0,--,0,0,0,0,0,0,0,0,0,0,0,0,0,0,0,0,0,0,0
Moldova,--,0,--,--,5,--,--,10,5,--,5,5,5,--,--,--,5,--,--,5,5,--,--,5,--,--,--,--,--,5,10,10,10,0,--,5,--,--,--,--,5,5,--,5,5,10,5,5,--,5,--,--,--,5,--,5,10,5,5,--,--,--,0,0,--,--,--,--,5,--,--,--,--,10,0,--,--,--,--,--,10,--,--,--,--,--,5,--,--,5,5,5,5,10,10,--,5,0,10,5,5,--,10,10,10,10,10,--,--,--,--,--,--,5,--
Monaco,0,0,--,0,0,--,--,--,0,0,0,0,0,0,0,0,--,0,0,0,--,--,0,0,0,0,0,0,0,0,0,--,--,0,0,0,0,0,0,0,0,0,0,0,--,--,0,0,0,0,0,0,0,--,0,0,--,0,0,0,0,0,0,0,0,0,0,0,--,0,0,--,--,0,0,0,--,0,0,--,0,--,0,0,0,0,0,0,0,0,0,0,--,0,0,0,--,0,0,0,0,0,--,--,0,0,--,0,0,0,0,0,0,0,0
"Mongolia, People's Republic of",10,5,--,5,5,5,10,30,15,5,10,10,10,5,10,10,15,10,15,35,30,15,--,10,5,5,--,--,5,5,5,50,30,5,10,5,10,5,--,10,5,5,10,30,25,5,15,20,15,5,10,10,5,--,5,50,20,5,5,10,5,10,--,--,10,--,--,15,15,--,10,15,5,--,10,5,10,15,10,35,50,20,10,20,25,5,15,5,20,15,20,55,45,10,--,35,40,15,20,15,20,35,30,80,80,15,15,40,25,15,20,30,20,15,20
"Montenegro, Republic of",--,0,0,0,0,0,--,--,--,0,0,0,0,--,0,0,0,--,0,0,--,0,0,0,--,0,0,0,0,0,--,--,0,0,--,0,0,0,0,0,0,0,0,--,--,0,--,0,0,0,0,0,0,0,0,--,0,--,0,0,--,0,0,0,--,0,0,--,--,--,0,0,10,--,--,--,--,5,--,10,5,10,--,5,--,5,5,0,--,--,--,5,--,--,10,5,5,10,--,5,10,10,--,5,--,10,5,--,--,--,5,--,0,5,5
Morocco,105,75,50,60,80,80,145,365,225,70,75,185,130,70,70,80,85,95,70,365,275,75,60,195,170,60,45,50,80,70,90,460,300,105,110,275,225,55,80,115,105,130,135,560,310,125,120,255,370,105,135,150,145,150,185,780,490,135,125,395,380,80,65,120,235,85,85,295,390,90,255,530,425,195,190,240,255,155,390,"1,290",340,235,210,505,340,255,170,215,250,250,270,890,775,245,220,825,600,270,295,325,190,345,585,"1,515","1,245",415,405,"1,015",720,425,415,380,355,340,560
Mozambique,0,0,--,--,0,--,--,--,--,0,0,--,--,0,0,--,--,0,0,--,--,0,0,0,0,--,0,--,--,0,0,--,--,--,0,--,--,0,--,0,--,--,--,--,--,--,0,--,--,0,--,0,--,0,0,--,5,0,0,--,--,0,0,--,--,0,0,--,--,0,--,--,--,0,--,--,--,--,--,--,--,--,--,5,--,0,--,--,--,--,--,5,10,5,0,--,--,--,0,--,--,--,5,10,10,--,--,--,10,--,--,--,0,--,--
Myanmar (Burma),--,--,--,--,--,--,--,5,--,--,0,--,--,--,0,--,--,--,--,--,5,--,--,--,--,0,0,--,--,--,--,5,5,--,--,5,5,--,--,--,--,--,--,5,10,--,--,--,5,--,0,10,10,--,--,45,25,--,0,20,5,--,--,--,15,5,5,10,5,--,--,10,10,10,10,10,15,10,15,65,25,10,10,45,20,15,15,25,15,15,25,65,110,10,15,105,35,25,25,65,25,30,40,185,75,20,30,130,70,30,45,95,50,35,30
Namibia,0,0,0,0,0,--,0,5,--,--,--,0,0,--,--,--,--,--,--,0,--,--,0,--,--,--,--,0,--,0,--,--,--,0,0,--,--,--,--,--,--,--,0,--,5,--,0,--,--,--,0,--,0,--,0,0,--,0,--,--,0,--,--,--,0,0,--,--,--,0,0,0,0,0,--,--,--,0,0,--,0,--,--,--,--,0,--,0,--,--,--,5,--,--,0,--,--,--,0,--,--,--,--,--,--,0,--,0,--,0,0,0,--,0,--
Nepal,5,--,--,10,10,10,10,35,25,5,10,20,25,10,5,15,15,5,10,55,30,10,10,25,20,5,5,10,15,15,25,80,75,10,15,70,25,10,10,50,40,25,25,155,75,20,15,95,35,20,25,90,45,20,30,185,60,20,15,220,50,25,15,30,45,20,20,60,150,25,35,95,210,75,60,250,65,70,60,195,190,160,75,425,655,335,160,820,215,140,105,"1,370",410,170,140,"2,415",390,155,240,"2,120",675,540,480,"5,510","1,630",320,220,"3,830","1,090",335,505,"2,070",650,490,465
"Netherlands Antilles, The",0,0,0,0,0,0,0,0,0,0,0,0,0,0,0,0,0,0,0,0,0,0,0,0,0,0,0,0,0,0,0,0,0,0,0,0,0,0,0,0,0,0,0,0,--,0,0,0,0,0,0,0,0,0,0,0,0,0,0,0,0,0,0,0,0,0,--,0,0,0,0,0,0,0,0,0,0,0,0,0,--,0,0,--,0,0,0,0,0,0,0,0,0,0,0,0,0,0,0,0,0,0,0,0,0,0,0,0,0,0,0,0,0,0,0
"Netherlands, The",30,10,5,15,5,10,30,95,35,15,10,15,20,15,15,20,15,15,15,105,60,20,15,20,25,15,5,5,10,10,20,155,55,20,10,20,30,15,10,10,40,25,25,120,60,15,25,15,30,15,10,15,15,15,35,135,35,15,10,10,25,5,--,15,10,--,5,20,25,10,15,20,40,10,15,20,20,20,35,185,110,20,20,40,60,35,10,10,25,20,15,115,45,10,10,15,20,10,20,10,25,25,40,110,25,20,25,15,15,10,15,10,10,15,10
New Caledonia,0,--,--,0,0,0,--,--,--,0,0,0,0,0,0,0,0,--,0,--,--,0,0,0,--,0,0,0,0,0,--,--,--,0,--,0,0,0,0,0,0,0,0,--,0,0,--,0,0,--,0,0,0,0,0,0,0,--,0,0,0,0,--,0,--,0,--,0,--,0,0,0,0,0,0,0,0,--,0,--,0,0,0,0,0,0,0,0,0,--,0,0,0,0,0,0,0,0,0,0,0,0,0,--,0,0,0,0,0,0,0,0,0,0,0
New Zealand,5,5,--,--,--,5,10,40,15,--,--,10,15,10,10,5,5,5,5,40,20,--,5,10,10,--,--,--,--,10,5,40,20,5,5,5,10,--,--,5,5,15,5,35,10,5,--,10,10,10,--,--,10,10,20,50,10,5,--,10,15,--,--,--,5,5,--,10,25,--,--,10,10,--,5,5,10,--,15,15,10,5,--,5,5,--,--,5,--,10,10,35,15,5,5,10,--,--,5,5,10,5,10,30,20,10,5,10,10,5,5,5,--,5,5
Nicaragua,0,--,0,--,0,--,--,5,--,--,0,--,--,0,--,--,0,--,0,--,--,--,--,--,--,--,--,0,0,0,0,10,10,--,--,--,--,0,5,--,--,--,--,10,--,--,--,--,5,--,--,--,--,--,--,25,--,--,--,--,--,--,--,--,--,0,--,--,--,0,--,--,--,--,--,5,--,--,5,15,5,10,10,10,5,15,15,5,5,10,10,20,10,5,5,15,10,10,5,10,5,5,15,20,10,15,5,10,--,15,10,5,5,15,20
"Niger, Republic of the",15,5,--,--,5,--,15,20,15,5,--,20,5,15,5,10,15,5,5,20,15,5,--,15,10,--,--,--,--,--,5,20,10,5,--,15,10,5,--,--,5,10,--,30,25,--,--,20,10,10,10,10,10,5,5,30,20,--,10,15,10,--,--,--,10,5,5,20,20,5,5,20,10,5,15,5,10,5,15,25,25,5,10,20,15,15,5,5,5,10,10,35,25,10,10,10,15,10,10,10,5,20,30,85,55,10,15,40,20,10,5,15,10,10,25
Nigeria,495,255,225,420,380,285,600,"1,455","1,045",355,370,735,745,340,305,375,480,555,455,"1,120",930,345,440,495,475,220,305,300,360,315,530,"1,190","1,095",490,425,610,560,265,245,480,485,585,555,"1,290",850,405,460,705,750,340,475,550,550,505,750,"1,660","1,090",320,260,595,550,210,245,530,945,725,505,445,900,310,305,650,830,495,535,705,755,740,720,"1,355","1,050",710,710,"1,550","1,265",595,695,"1,165","1,020",950,"1,210","3,300","2,095",930,925,"2,900","2,450","1,205","1,535","4,000","2,585","2,010","3,070","7,555","5,250","1,730","2,210","5,905","2,905","2,015","2,145","3,440","2,055","1,595","1,900"
"Northern Mariana Islands, Commonwealth of the",0,0,0,0,0,0,0,0,0,0,0,0,0,0,0,0,0,0,0,0,0,0,0,0,0,0,0,0,0,0,0,0,0,0,0,0,0,0,0,0,0,0,0,0,0,0,0,0,0,0,0,0,0,0,0,0,0,0,0,0,0,0,0,0,0,0,0,0,0,0,0,0,0,0,0,0,0,0,0,0,0,0,0,0,0,0,0,0,0,0,0,0,0,0,0,0,0,0,0,0,0,0,0,0,0,0,0,0,0,--,0,0,0,0,0
Norway,5,--,--,--,--,--,10,110,20,--,--,--,--,--,--,--,--,5,--,95,30,--,5,5,5,0,0,--,5,25,5,90,30,--,--,5,5,--,--,--,--,10,--,75,25,--,--,5,10,--,--,--,--,10,5,85,15,5,--,--,--,0,--,--,--,--,--,5,5,0,10,5,5,0,--,--,5,--,--,65,20,--,--,5,5,0,0,--,--,5,5,45,25,--,--,--,5,--,--,5,--,--,--,40,25,--,--,--,--,--,--,--,--,0,0
Oman,--,5,--,--,5,10,10,20,25,--,--,--,--,--,--,--,0,10,10,10,15,10,--,5,10,--,--,--,--,--,--,15,20,--,--,--,5,--,--,5,--,5,0,15,10,--,5,20,5,--,--,--,--,--,--,10,10,--,--,45,15,0,--,5,--,--,--,5,0,--,0,--,10,5,10,25,10,10,10,30,15,0,5,10,5,10,10,5,5,5,10,20,10,--,5,--,5,--,5,--,--,5,5,10,15,--,0,5,--,5,10,--,0,--,--
Other,--,--,--,--,--,5,--,--,0,--,--,--,--,5,--,--,--,--,--,--,--,--,--,--,0,--,5,--,5,--,5,5,5,--,--,0,--,0,--,--,5,0,0,0,0,0,0,0,0,0,0,0,0,0,0,0,0,0,0,0,0,0,0,0,0,0,0,0,0,0,0,0,0,0,0,0,0,0,0,0,0,0,0,0,0,0,0,0,0,0,0,0,0,0,0,0,0,0,0,0,0,0,0,0,0,--,0,0,--,0,0,0,0,0,0
Pakistan,200,95,85,160,135,100,220,455,415,120,155,285,240,215,150,175,205,215,150,335,345,155,185,365,190,95,125,105,125,110,150,460,370,115,130,170,140,65,65,165,110,150,120,445,365,155,150,220,195,90,145,115,150,115,200,550,310,75,70,220,140,70,70,135,275,145,130,95,240,95,95,210,215,125,120,165,195,190,310,890,500,155,160,420,285,165,145,220,240,245,260,960,650,160,155,570,385,175,180,295,300,335,445,"1,180",740,170,200,465,335,205,230,280,230,230,235
"Palau, Republic of",0,0,0,0,0,0,0,0,0,0,0,0,0,0,0,0,--,0,0,0,0,0,0,0,0,0,0,0,0,0,0,0,0,0,0,0,0,0,0,0,0,0,0,0,0,0,0,0,--,0,0,0,0,0,0,0,0,0,0,0,0,0,0,0,0,0,0,0,0,0,0,0,0,0,0,0,0,0,0,0,0,0,0,0,0,0,0,0,0,0,0,0,0,0,0,0,0,0,0,0,0,0,0,0,0,0,0,0,0,0,0,0,0,0,0
Palestinian Authority (Gaza/West Bank),5,--,--,--,--,10,5,15,20,--,10,10,5,5,5,10,5,5,5,30,15,10,10,15,10,10,--,--,5,--,10,25,20,15,--,15,10,5,--,10,10,10,5,45,20,10,10,15,10,10,10,15,5,30,15,40,15,15,--,10,10,10,--,15,25,15,10,10,15,10,10,20,15,5,15,10,25,15,25,30,20,5,10,30,15,10,10,5,10,15,30,35,35,10,10,15,5,10,15,10,10,20,20,45,25,20,10,20,20,15,20,15,15,15,20
"Panama, Republic of",10,--,--,10,10,5,5,30,15,5,--,10,5,5,15,15,5,5,5,15,10,10,10,10,15,10,10,15,10,15,5,25,15,5,15,10,20,10,50,10,10,25,10,45,50,125,40,20,10,10,20,20,15,15,10,40,30,10,15,10,20,10,35,10,10,5,10,15,35,5,--,5,15,10,15,15,15,15,15,40,90,50,15,35,45,30,30,35,45,45,35,70,50,20,20,45,40,15,20,35,20,20,35,65,50,15,20,30,40,30,20,20,15,15,25
Papua New Guinea,--,0,0,0,0,--,0,0,--,0,--,0,0,0,--,0,0,0,--,--,--,--,0,0,0,0,--,0,0,0,0,0,0,0,0,0,0,0,0,0,0,0,--,0,--,0,0,--,0,--,0,--,0,--,0,0,0,0,0,0,0,0,0,0,0,0,0,--,--,0,--,0,0,0,--,0,0,--,0,0,0,0,--,0,--,0,0,--,0,0,0,--,0,0,0,0,0,0,0,0,--,0,0,--,0,0,--,0,--,0,--,0,0,0,0
Paraguay,--,--,--,0,--,0,--,5,--,--,--,--,5,--,0,--,5,--,--,10,--,--,--,--,--,--,0,0,0,0,--,15,5,--,0,--,0,--,--,0,--,--,0,10,--,--,--,--,--,--,--,0,0,--,--,--,--,0,--,--,--,--,--,--,--,--,0,--,0,--,0,0,--,0,--,--,--,--,--,0,10,--,0,--,--,--,--,--,--,--,--,5,10,--,--,--,5,0,--,--,0,--,--,10,5,--,--,--,--,--,--,0,--,0,--
Peru,15,15,15,10,10,15,30,75,60,10,15,25,30,15,25,30,25,30,35,95,40,20,20,45,25,20,30,30,25,30,45,155,50,25,30,55,45,20,25,40,30,40,45,160,65,25,35,50,65,30,40,40,45,45,55,185,70,30,35,70,60,35,20,30,50,15,15,60,85,20,40,65,95,70,60,55,115,110,120,305,255,145,80,340,270,115,175,330,190,190,270,825,340,105,145,370,220,110,205,345,165,240,295,760,285,150,165,370,305,170,235,240,180,150,170
Philippines,95,125,95,150,155,175,185,310,210,140,135,175,175,190,180,200,330,305,185,405,340,245,210,290,215,145,145,165,200,160,230,535,315,220,215,380,305,160,175,360,255,305,260,910,325,205,310,690,450,255,315,460,325,360,480,"1,575",520,295,320,"1,140",410,220,200,250,340,285,325,570,585,245,325,900,670,535,625,850,810,685,850,"3,590","1,570",770,615,"3,275",910,680,855,"2,055",725,825,"1,720","6,755","2,890","1,275","1,800","5,290","1,575","1,085","1,645","3,305","1,695","2,065","3,730","7,330","2,805","1,980","2,415","5,130","1,995","1,465","2,130","3,055","1,505","1,750","2,175"
Poland,15,10,--,5,10,10,15,50,30,10,10,10,20,10,15,10,15,10,15,45,25,10,10,15,5,--,10,--,10,15,15,55,35,10,10,5,15,--,--,20,10,5,5,55,25,20,5,10,15,--,10,5,--,10,25,60,20,10,--,10,15,5,--,5,10,5,--,5,20,5,5,10,20,5,10,5,10,10,15,50,40,10,10,10,15,5,10,5,10,15,10,25,40,15,5,10,10,5,10,--,5,15,5,50,25,10,5,5,10,--,5,10,5,10,5
Portugal,15,15,10,15,15,15,25,60,40,20,15,25,20,10,15,5,30,25,20,55,40,20,15,20,35,25,10,10,20,15,20,75,50,15,20,30,20,10,10,10,25,25,20,55,30,15,25,15,20,10,10,10,20,15,20,70,20,10,10,15,10,5,5,25,15,5,5,35,30,15,15,15,25,10,25,15,25,25,25,80,60,15,15,10,25,25,25,15,30,30,30,65,20,10,10,10,25,15,15,15,20,20,25,55,25,15,20,20,10,20,15,20,15,5,10
Qatar,--,--,--,--,0,0,--,--,--,--,--,--,--,--,--,5,--,0,--,0,5,--,--,0,--,0,0,--,0,--,--,--,--,--,--,--,--,0,--,--,--,--,--,5,--,--,0,0,--,--,0,0,--,--,--,10,5,0,--,0,--,0,0,--,--,0,0,--,5,0,0,--,--,0,--,--,--,--,--,--,--,--,--,--,5,--,--,--,5,5,--,5,--,--,0,--,--,0,--,--,0,--,--,--,--,--,--,--,--,--,--,--,0,--,--
Reunion,0,0,0,0,0,0,0,0,0,0,0,0,0,0,0,0,0,0,0,0,0,0,0,0,0,0,0,0,0,0,0,0,0,0,0,0,0,0,0,0,0,0,0,0,0,0,0,0,0,0,0,0,0,0,--,0,0,0,0,0,0,0,0,0,0,0,0,0,0,0,0,0,0,0,0,0,0,0,0,0,0,0,0,0,0,0,0,0,0,0,0,0,0,0,0,0,0,0,0,0,0,0,0,0,0,0,0,0,0,0,0,0,0,0,0
Romania,10,5,--,10,10,10,15,25,15,10,5,5,10,5,5,--,10,10,10,20,20,10,5,5,15,10,--,5,10,15,5,25,30,15,10,5,10,--,5,10,10,20,5,35,15,10,10,10,20,5,5,10,5,15,15,35,15,10,10,10,--,--,5,10,15,--,5,10,15,--,10,10,15,10,10,--,--,10,5,25,30,10,--,--,10,15,5,--,15,10,15,25,20,10,10,10,20,5,10,5,5,10,15,30,10,--,5,5,5,5,5,--,10,5,5
Russia,75,55,60,60,65,115,190,400,265,100,110,115,95,100,80,75,105,150,105,345,225,85,105,105,85,45,65,55,90,105,135,400,270,115,80,75,90,40,50,80,95,120,110,415,200,100,115,75,110,60,65,70,90,105,170,470,240,85,60,70,90,55,40,60,85,65,55,160,200,55,80,145,155,70,65,80,110,135,130,515,200,100,75,120,135,65,85,55,95,110,130,145,85,85,135,190,285,120,135,115,105,155,180,355,215,85,115,125,165,95,120,120,85,105,130
Rwanda,20,5,10,10,10,10,15,70,30,10,10,25,40,20,15,15,25,20,15,80,60,25,15,35,40,10,10,20,20,25,25,100,105,25,30,55,50,20,20,25,20,45,20,105,115,30,45,70,65,30,35,55,50,25,55,105,115,45,55,80,40,20,15,25,40,20,20,60,90,30,20,65,50,35,45,40,55,65,65,105,80,40,35,55,60,35,40,75,55,65,75,155,115,70,75,140,215,55,65,120,85,70,195,435,330,120,150,285,150,65,95,145,60,55,75
Saint-Martin,0,0,0,0,0,0,0,0,0,0,0,0,0,0,0,0,0,0,0,0,0,0,0,0,0,0,0,0,0,0,0,0,0,0,0,0,0,0,0,0,0,0,0,--,0,0,0,0,0,0,0,--,0,0,0,--,--,0,0,0,0,0,0,0,0,0,0,0,0,0,0,0,0,0,0,0,0,0,0,0,0,0,0,0,0,0,0,0,0,0,0,--,0,0,0,0,0,0,0,0,0,0,0,0,0,0,0,--,0,0,0,0,0,0,0
"Samoa, Independent State of",0,0,0,0,0,0,0,0,0,0,0,0,0,0,0,0,0,0,0,0,0,0,0,0,0,0,0,0,0,0,0,--,0,0,0,0,0,0,0,0,0,0,0,0,0,0,0,0,0,0,0,0,0,0,0,0,0,0,0,0,0,0,0,0,0,0,0,0,0,0,0,0,0,0,0,0,0,0,0,0,0,0,0,0,0,0,0,0,0,0,0,0,0,0,0,0,0,0,0,0,0,0,0,0,0,0,0,0,0,0,0,0,0,0,0
San Marino,0,0,0,0,0,0,0,0,0,0,0,0,0,0,0,0,0,0,0,0,--,0,0,0,0,0,0,0,0,0,0,0,0,0,0,0,0,0,0,0,0,0,0,0,--,0,0,0,0,0,0,0,0,0,0,0,--,0,0,0,0,0,0,0,0,0,0,0,0,0,0,0,--,0,0,0,0,0,0,0,0,0,0,0,--,0,0,0,0,0,0,0,0,0,0,0,0,0,0,0,0,0,0,0,0,0,0,0,0,0,0,0,0,0,0
Sao Tome and Principe,0,0,0,0,0,--,0,--,0,0,0,0,0,0,0,0,0,0,0,0,0,0,0,0,0,0,0,0,0,0,0,0,0,0,0,--,0,0,0,0,0,0,0,0,0,0,0,0,0,0,0,0,0,0,0,0,0,0,0,0,0,0,0,0,0,0,0,0,0,0,0,0,0,0,0,0,0,0,0,0,0,0,0,0,0,0,0,0,0,0,0,0,0,0,0,0,0,0,0,0,0,0,0,0,0,0,0,0,0,0,0,0,0,0,0
Saudi Arabia,700,755,560,640,575,625,880,965,870,480,530,610,545,515,440,400,580,560,400,625,570,370,405,435,705,285,225,210,395,315,330,515,650,485,785,440,355,280,220,335,370,510,285,135,155,115,90,105,170,80,100,85,120,105,110,165,160,65,50,65,75,70,40,75,125,45,45,55,140,20,30,45,45,40,30,30,65,80,65,50,55,20,30,60,35,20,25,35,40,75,40,75,50,35,35,40,35,25,25,15,35,100,65,75,40,40,35,45,30,30,30,40,25,110,55
Senegal,90,35,30,30,40,25,90,170,115,25,20,105,85,45,30,50,55,45,50,145,110,35,30,65,60,20,20,25,45,25,35,145,140,60,55,110,95,30,20,45,75,45,55,165,135,45,40,80,145,45,55,80,60,80,75,235,180,35,40,115,95,30,25,40,55,35,25,145,190,50,60,135,125,40,65,85,80,50,145,425,245,65,70,235,195,100,85,120,130,135,210,445,265,95,115,235,275,100,130,210,170,275,630,850,530,160,235,630,465,165,265,275,265,285,740
"Serbia, Republic of",5,--,--,5,--,5,20,30,15,5,5,--,--,5,--,5,15,10,5,20,20,--,5,5,--,--,5,--,15,20,10,20,25,10,--,5,10,10,--,5,5,10,10,20,10,10,10,5,10,10,15,--,--,10,10,20,20,10,15,10,10,5,10,10,10,5,5,20,25,10,10,10,25,15,10,10,15,15,15,25,20,10,10,20,15,10,15,5,--,10,10,30,40,15,5,15,10,15,5,15,15,15,15,45,15,10,10,10,10,10,10,10,--,10,15
Seychelles,0,0,0,--,0,--,--,--,0,0,0,0,--,0,--,--,--,--,0,--,--,0,0,0,0,--,0,0,0,0,0,0,0,0,0,--,--,--,0,0,0,0,0,--,--,0,0,0,--,0,--,0,0,0,0,0,0,0,0,0,0,--,0,0,0,0,0,0,0,--,0,0,0,0,0,0,0,0,0,0,0,0,0,0,--,0,0,--,0,--,0,0,--,0,0,--,0,0,0,0,0,0,0,0,0,0,0,0,0,0,--,0,0,0,0
Sierra Leone,0,--,--,--,0,--,--,--,5,--,0,--,5,--,--,0,--,5,--,5,--,--,0,0,--,0,0,--,--,0,--,10,10,0,--,--,--,--,--,--,5,--,--,10,5,--,--,--,--,--,--,0,--,0,5,10,--,0,--,--,--,0,--,--,0,--,--,--,10,--,--,--,--,--,--,--,--,--,--,5,--,--,--,--,--,--,--,--,--,--,--,15,--,--,--,5,--,--,5,0,--,5,15,10,10,--,--,15,15,5,5,10,--,5,5
Singapore,25,5,10,15,15,25,25,100,45,15,10,30,15,20,10,15,20,25,20,85,35,15,10,20,5,10,10,15,10,15,15,145,50,10,10,20,20,10,10,15,20,20,20,105,45,15,20,30,25,25,10,5,20,15,30,155,35,10,5,20,25,15,5,10,20,5,10,45,45,10,10,35,30,10,20,15,15,35,20,125,50,15,15,55,30,15,10,10,30,30,40,140,65,20,20,40,40,20,20,25,15,20,45,135,50,15,20,15,30,25,15,20,15,15,20
Sint-Maarten,0,0,0,0,0,0,0,0,0,0,0,0,0,0,0,0,0,0,0,0,0,0,0,0,0,0,0,0,0,0,0,0,0,0,0,0,0,0,0,0,0,0,0,0,--,0,0,0,0,0,0,0,0,0,0,0,0,0,0,0,0,0,0,0,0,0,0,0,0,0,0,0,0,0,0,0,0,--,0,5,--,0,0,0,0,0,0,0,0,0,0,0,0,0,0,0,0,0,0,0,0,--,--,0,0,0,0,0,0,--,0,0,0,0,0
Slovak Republic,10,--,--,--,5,5,15,30,25,15,5,15,10,10,10,10,5,15,15,30,25,10,10,5,10,10,5,--,10,10,5,40,30,10,5,5,10,5,--,--,5,10,5,35,20,5,5,5,25,--,--,5,10,5,10,40,25,--,10,--,10,5,--,--,5,--,--,10,--,--,5,10,25,10,5,--,5,10,15,35,30,5,5,10,30,5,--,--,--,5,5,60,10,10,0,0,10,--,10,--,--,--,5,25,20,5,--,10,10,--,--,--,--,--,--
Slovenia,--,--,--,0,--,--,--,5,--,--,--,--,--,0,0,0,0,--,0,10,--,--,--,--,--,--,--,0,--,0,--,5,--,--,--,0,0,--,--,--,--,--,0,10,--,--,--,--,0,--,0,--,--,--,--,--,5,--,0,--,--,--,0,0,--,0,--,--,10,0,--,--,--,--,--,--,0,--,0,5,--,0,--,--,5,--,0,0,--,0,0,--,--,--,0,0,--,0,0,--,--,0,0,5,0,0,--,--,0,0,0,0,0,0,0
Solomon Islands,0,0,--,0,--,--,--,--,0,0,--,0,0,0,0,0,0,--,0,--,--,0,0,--,0,0,--,--,0,0,0,0,--,--,0,0,0,0,--,0,--,--,--,--,--,0,0,0,0,0,0,0,--,--,--,--,--,0,0,--,0,0,0,0,0,0,0,0,--,0,0,0,0,0,0,0,--,--,0,--,0,0,0,0,--,0,0,--,0,0,0,--,0,0,0,--,0,0,0,0,0,--,--,--,0,0,--,0,0,0,--,0,--,0,0
"Somalia, Democratic Republic of",0,0,--,--,0,--,--,--,--,5,--,--,10,5,--,--,5,10,--,10,10,15,5,5,15,10,5,--,5,5,10,10,5,5,5,5,20,--,--,--,5,--,--,5,--,10,5,10,5,10,10,5,10,--,--,5,--,0,--,--,--,--,5,5,--,--,--,5,5,--,0,--,--,0,--,0,5,--,--,--,--,0,--,--,0,0,--,--,--,--,0,--,--,--,--,--,--,0,0,--,0,--,--,--,0,--,--,5,5,--,--,0,--,--,--
"South Africa, Republic of",15,15,15,30,10,15,30,50,40,25,15,30,25,15,20,20,25,25,30,65,45,25,25,25,35,10,20,15,20,30,25,85,45,30,25,30,30,15,25,20,35,30,25,55,45,15,30,45,50,20,30,45,40,15,45,95,35,25,20,80,50,30,25,15,20,30,15,40,55,40,40,65,75,60,40,65,75,70,80,150,85,45,40,55,85,55,55,75,70,40,65,160,100,55,75,75,80,55,50,75,55,65,100,135,95,85,75,70,90,60,60,70,50,40,80
"South Sudan, Republic of",--,0,0,0,0,0,0,--,0,--,--,0,--,0,--,0,--,--,0,--,0,--,--,--,--,--,0,0,0,--,0,--,--,0,0,--,--,0,0,--,0,0,0,--,--,0,0,0,--,0,0,--,0,--,0,--,--,--,--,--,--,0,--,--,--,--,0,--,--,--,0,--,0,0,--,--,0,--,0,--,--,0,0,--,--,--,--,--,0,--,--,--,0,--,0,--,0,0,--,--,--,--,--,5,--,--,0,--,--,--,--,--,0,0,--
Spain,60,35,25,35,35,20,50,330,400,50,25,45,85,45,40,25,40,55,50,360,620,30,35,55,75,30,30,20,45,40,50,705,490,50,45,45,80,35,35,45,45,50,55,865,465,45,50,45,135,40,30,40,40,30,60,"1,090",355,40,35,35,75,25,15,25,50,35,20,85,105,40,70,70,135,55,50,55,60,70,60,"1,080",880,90,75,70,175,65,65,40,60,65,55,"1,380",720,60,45,50,95,45,50,30,30,55,60,"1,170",575,45,55,35,70,55,60,25,40,35,35
Sri Lanka,15,15,5,15,20,15,25,70,45,20,10,30,35,25,20,25,25,25,25,75,75,15,25,50,30,20,10,25,25,20,15,130,90,20,25,40,40,15,10,30,30,30,30,145,80,30,25,105,80,25,25,45,60,50,60,220,150,45,35,190,105,50,35,40,95,55,50,45,90,40,60,180,145,115,85,135,125,110,95,380,255,120,95,260,195,125,175,180,245,190,150,360,445,160,285,"1,145",445,170,270,670,280,390,355,865,595,200,270,775,325,240,345,405,230,235,200
St. Kitts-Nevis,--,0,0,0,--,0,10,5,10,--,--,--,--,--,--,--,5,--,--,10,--,--,0,--,5,--,--,0,--,--,5,10,10,--,--,--,--,--,--,--,0,5,5,15,10,5,--,--,--,--,--,--,--,--,--,10,10,--,--,--,5,0,10,--,--,--,0,5,10,--,0,--,--,--,--,--,--,--,5,5,15,--,5,--,5,--,--,5,5,--,--,10,10,--,--,--,--,--,--,--,--,--,10,15,5,--,--,--,5,0,--,0,5,--,5
St. Lucia,5,5,5,--,0,5,10,20,15,5,--,5,10,--,--,5,5,5,5,25,10,--,--,10,--,--,--,5,5,--,5,25,20,10,--,5,10,--,--,5,--,5,5,30,15,5,10,5,10,0,5,--,--,--,5,25,15,--,--,5,--,5,0,--,10,--,--,15,--,--,--,5,--,--,--,5,10,15,5,10,15,--,--,5,--,--,--,--,--,10,--,20,10,5,--,10,--,--,--,5,5,10,10,30,10,0,5,10,--,5,--,--,5,--,--
St. Vincent and the Grenadines,--,--,0,--,0,--,5,5,10,--,--,--,--,--,--,--,--,--,--,5,10,5,--,--,--,--,--,0,--,--,--,15,10,--,5,--,--,0,0,--,--,0,5,15,--,0,0,--,--,0,--,--,--,--,5,5,5,--,--,5,5,--,--,0,--,0,--,--,--,--,--,5,--,--,--,--,--,--,--,10,--,--,--,--,--,--,--,--,0,--,--,5,--,--,0,5,--,--,--,--,0,--,--,15,--,--,0,5,--,5,0,--,0,--,--
Stateless,--,5,--,--,--,5,10,20,10,5,--,5,10,--,--,5,5,5,--,15,10,10,--,5,10,5,--,--,--,--,10,20,20,10,5,15,10,0,--,5,5,5,--,25,20,15,10,10,15,5,10,--,10,10,10,30,15,--,--,5,--,5,--,10,10,--,--,10,5,10,10,15,10,--,5,5,10,10,5,20,10,10,--,10,10,10,10,5,10,5,10,15,20,--,--,20,10,--,10,15,10,--,15,55,20,--,5,45,10,--,10,30,--,5,10
"Sudan, Democratic Republic of",--,--,0,15,5,5,--,10,15,--,5,15,5,5,5,5,10,5,--,15,15,10,5,10,5,10,--,5,10,--,10,30,35,10,15,15,5,5,5,15,15,5,5,25,25,10,10,20,15,5,--,10,20,15,25,50,25,5,5,10,10,5,--,15,25,15,15,20,25,10,10,20,15,10,10,10,20,10,20,35,15,10,10,20,20,5,15,10,10,15,15,35,20,10,5,10,20,15,15,15,15,15,15,30,25,15,5,20,20,10,10,10,10,10,15
Surinam,0,0,0,0,--,0,--,5,--,0,0,--,--,0,0,--,--,--,0,--,--,0,--,--,0,--,0,0,0,--,--,5,0,--,--,0,0,--,--,0,--,--,--,0,--,0,0,--,0,0,--,--,0,--,0,--,5,--,0,0,--,0,0,0,--,--,--,--,--,0,0,0,0,0,0,--,0,0,--,0,0,0,0,0,--,--,--,--,0,0,5,--,--,--,--,--,--,0,0,0,--,0,--,--,--,0,--,--,5,--,0,--,--,--,0
Swaziland,0,0,--,0,--,0,0,--,0,--,0,--,--,--,--,0,--,0,--,--,--,0,0,--,0,0,--,0,0,0,0,--,--,--,--,0,--,0,0,0,0,--,--,--,--,--,--,--,--,0,0,0,0,0,0,--,0,0,0,--,0,0,0,0,0,0,--,0,--,0,--,0,--,--,--,0,0,--,0,--,--,0,0,--,0,0,0,--,0,0,0,--,--,--,--,0,--,0,0,0,0,--,--,--,--,--,0,--,--,0,0,--,--,0,--
Sweden,15,--,--,5,5,5,10,95,35,5,5,10,5,15,10,5,--,15,10,95,30,5,--,10,15,--,--,15,5,--,10,95,40,5,10,10,15,5,--,15,5,5,10,85,35,5,10,15,20,5,5,--,5,5,10,90,20,5,--,10,15,10,--,10,--,5,--,15,20,5,15,15,15,--,5,10,10,10,20,125,90,15,--,15,20,5,10,10,10,20,15,55,20,10,--,5,10,5,5,--,10,15,5,30,20,10,--,--,10,10,5,10,--,5,10
Switzerland,25,10,10,20,10,15,35,200,80,15,25,15,30,20,20,10,25,20,20,200,70,15,15,10,30,10,15,10,20,20,35,245,105,25,15,20,30,15,10,10,20,20,35,240,70,20,20,15,30,10,15,10,10,15,25,220,75,15,10,5,25,5,5,10,15,10,5,30,45,15,30,15,75,20,20,20,30,35,25,225,165,20,25,30,80,20,10,25,10,20,20,215,85,10,20,20,25,20,10,5,10,20,30,220,50,10,10,5,30,10,10,10,--,5,15
Syria,15,10,10,10,10,10,25,40,50,10,15,15,10,20,10,10,5,10,20,35,30,15,15,10,15,15,15,--,25,10,10,40,45,25,20,30,15,10,15,25,15,20,15,50,50,25,20,15,25,15,10,20,25,25,20,65,30,15,20,15,10,5,10,20,35,20,20,15,30,25,10,15,15,5,5,10,15,25,20,55,20,10,15,10,20,10,10,5,15,15,20,60,40,20,15,20,30,15,5,20,20,20,35,70,40,25,20,30,25,25,15,20,20,10,20
Taiwan,115,120,120,100,130,240,300,530,320,150,140,175,190,175,135,140,250,320,230,565,400,175,160,175,160,145,135,135,195,250,285,745,465,270,185,200,165,130,145,200,275,365,310,745,500,220,250,190,220,170,255,235,325,310,400,840,420,225,130,150,155,185,110,175,325,125,90,300,415,95,180,185,115,65,95,125,195,220,215,645,225,110,110,255,195,95,115,155,205,265,245,690,290,160,145,210,190,180,180,165,215,385,460,865,340,165,150,220,240,145,195,195,175,190,280
Tajikistan,0,0,0,0,--,--,--,0,--,--,0,0,--,0,0,--,0,0,--,0,0,0,--,5,--,0,0,0,0,--,0,5,10,--,0,--,--,--,0,--,0,0,--,--,5,0,--,--,--,0,--,0,--,--,--,--,--,--,--,0,--,0,--,--,0,0,--,--,--,5,--,--,--,--,0,--,--,--,10,5,5,0,--,--,--,0,0,0,--,--,--,10,--,--,10,5,10,--,--,0,--,15,5,10,--,--,15,15,10,15,10,15,15,--,5
"Tanzania, United Republic of",15,--,10,10,15,10,25,75,85,15,20,35,45,20,15,15,25,25,15,75,70,15,20,40,30,10,20,20,25,15,20,95,80,20,20,40,30,10,15,35,25,15,25,70,50,20,25,55,50,15,15,25,20,10,40,120,60,15,10,60,45,15,10,15,25,10,20,40,85,20,15,35,40,20,20,25,45,45,55,70,55,25,20,50,70,15,30,15,35,20,35,70,70,30,25,60,70,30,25,40,40,40,40,105,105,35,30,60,55,25,30,35,25,25,30
Thailand,55,45,25,55,55,60,75,190,140,35,40,60,65,45,40,55,55,75,45,195,160,50,40,40,40,40,30,45,45,65,65,265,170,50,50,35,70,40,45,55,65,85,45,275,170,50,55,40,65,20,60,50,55,55,55,365,165,40,25,40,60,30,25,30,50,25,30,100,125,40,45,50,65,30,30,55,65,95,80,470,110,70,75,190,170,95,105,115,115,210,180,565,415,120,105,205,160,110,150,120,185,205,260,560,285,115,110,170,155,110,100,105,90,95,100
"Togo, Republic of",30,5,10,15,10,10,30,60,70,20,15,30,25,15,20,20,15,15,15,40,35,20,20,25,30,15,15,10,5,10,15,60,50,25,20,35,40,--,15,20,15,25,15,50,45,20,20,30,65,15,20,25,20,25,30,110,80,25,20,35,25,15,5,20,25,5,5,45,65,15,10,55,30,10,35,20,30,10,35,40,45,25,25,50,40,25,20,30,25,35,35,95,70,15,45,105,115,40,35,60,30,80,175,330,270,50,60,160,125,35,55,40,30,40,135
Tonga,0,0,0,0,0,0,0,0,0,0,0,0,0,0,0,0,0,0,0,0,0,0,0,0,0,0,0,0,0,0,0,--,0,0,0,0,0,0,0,--,0,0,0,0,0,0,0,0,0,0,0,0,0,0,0,0,0,0,0,0,--,0,0,0,0,0,0,0,0,0,0,0,0,0,0,0,0,--,0,0,0,0,0,0,0,0,0,0,0,0,0,0,0,0,0,0,0,0,0,0,0,0,0,0,0,0,0,0,0,0,0,0,0,0,0
"Trinidad and Tobago, Republic of",15,5,5,5,10,10,15,75,45,10,5,15,15,--,15,10,10,10,10,75,45,5,10,15,15,5,10,10,10,10,20,125,70,15,15,25,20,5,10,15,15,20,25,185,40,20,10,25,35,20,15,20,15,15,30,225,35,10,10,25,35,5,10,15,10,5,10,25,40,10,25,25,25,15,15,15,20,25,45,125,55,15,25,60,60,15,25,30,25,30,45,220,50,10,40,70,35,15,30,40,30,40,80,240,60,35,25,50,50,20,35,40,20,30,35
Tunisia,115,70,50,50,65,50,125,185,110,50,50,155,110,55,65,90,105,65,75,175,180,65,60,165,115,70,60,60,75,40,75,235,175,65,75,190,125,60,55,85,90,75,75,230,150,100,90,170,190,75,75,115,70,100,130,230,185,65,80,215,180,65,55,85,180,95,80,90,180,65,155,160,140,130,135,145,155,85,180,320,245,100,65,240,170,140,110,140,155,135,190,440,445,150,140,375,335,205,220,175,145,270,385,490,460,250,240,500,365,195,250,220,180,235,275
Turkey,105,55,55,50,65,75,115,445,365,125,105,105,175,90,85,80,115,145,120,500,565,185,125,150,145,105,105,115,125,150,205,900,695,220,150,190,235,110,70,120,195,195,195,915,640,235,180,205,280,180,145,140,185,210,230,885,580,205,150,220,210,135,110,120,160,95,135,220,380,100,120,255,315,230,240,270,270,340,225,775,625,195,215,385,315,205,230,200,240,235,215,610,550,155,175,235,290,160,215,330,265,305,410,730,740,240,240,460,320,155,135,155,120,140,145
Turkmenistan,0,0,--,--,0,0,--,--,--,0,--,--,0,0,--,--,0,--,--,--,0,--,0,0,0,0,0,--,--,--,--,--,--,0,--,--,0,0,0,0,0,--,--,10,0,--,0,--,--,--,--,0,--,5,--,--,0,--,0,--,5,0,--,0,0,0,0,--,--,0,0,--,0,0,0,0,--,0,--,--,0,--,0,0,--,--,0,0,0,--,--,0,0,--,--,0,0,0,--,5,--,5,--,--,5,--,0,--,--,--,--,--,0,--,--
Turks and Caicos Islands,0,0,0,0,0,0,0,0,0,0,0,0,0,0,0,0,0,0,0,0,0,0,0,0,0,0,0,0,0,0,0,0,0,0,0,0,0,0,0,0,0,0,0,0,0,0,0,0,0,0,0,0,0,0,0,0,0,0,0,0,0,0,0,0,0,0,0,0,0,0,0,0,0,0,0,0,0,0,0,0,0,0,0,0,0,0,0,0,0,0,0,0,0,0,0,--,0,0,0,0,0,0,0,0,0,0,0,0,0,0,0,0,0,0,0
Tuvalu,0,0,0,0,0,0,0,0,0,0,0,0,0,0,0,0,0,0,0,0,0,0,0,0,0,0,0,0,0,0,0,0,0,0,0,0,0,0,0,0,0,0,0,0,0,0,0,0,--,0,0,0,0,0,0,0,0,0,0,0,0,0,0,0,0,0,0,0,0,0,0,0,0,0,0,0,0,0,0,0,0,0,0,0,0,0,0,0,0,0,0,0,0,0,0,0,0,0,0,0,0,0,0,0,0,0,0,0,0,0,0,0,0,0,0
Uganda,5,--,5,10,10,10,15,45,30,5,10,20,25,15,5,20,20,25,10,60,40,10,10,30,25,10,10,15,20,10,10,65,50,15,20,30,25,10,15,25,20,25,25,85,75,20,25,40,40,20,30,30,30,20,50,95,70,15,25,20,25,5,20,35,20,15,15,35,60,15,10,30,45,20,20,20,30,30,40,65,50,20,20,30,20,35,35,30,40,25,40,80,60,20,40,80,60,35,50,65,50,45,70,155,115,25,30,90,85,65,40,55,40,45,45
Ukraine,120,50,60,65,85,95,145,375,250,95,95,135,165,125,120,110,140,155,155,455,270,85,120,165,100,65,70,85,160,125,170,550,305,105,120,105,140,70,70,130,110,150,115,475,175,85,110,135,135,50,110,70,115,105,130,455,185,75,70,80,100,45,50,70,105,55,55,160,160,55,85,105,155,75,90,75,115,105,95,340,190,70,75,90,110,140,215,265,580,890,890,"1,085","1,040",810,495,510,585,810,"1,300",525,185,560,455,445,375,380,340,355,625,600,"1,275",415,200,155,160
United Arab Emirates,5,--,--,--,5,--,--,10,10,5,--,--,0,--,0,--,--,--,5,5,15,--,--,--,--,--,--,--,--,--,--,10,10,--,0,--,5,0,--,--,--,--,--,15,--,--,--,--,--,--,--,--,--,--,--,15,10,--,--,--,5,0,--,0,--,5,--,--,--,0,--,--,--,0,--,0,--,--,--,10,--,--,--,10,5,--,--,--,5,10,--,15,5,--,--,10,25,--,--,--,15,15,15,75,35,--,0,--,20,--,--,10,5,5,10
United Kingdom and Overseas Territories,85,55,45,50,55,95,135,770,570,60,60,90,110,70,70,65,95,110,120,850,530,75,65,110,105,65,40,55,75,80,135,985,520,90,75,100,85,35,50,60,75,100,95,940,345,90,70,115,110,60,55,60,60,75,105,970,290,80,50,65,70,30,30,45,60,35,60,170,185,75,145,160,195,90,110,100,125,145,200,665,510,115,100,155,155,60,85,65,100,115,155,870,425,95,75,130,135,65,60,85,65,120,175,830,370,95,70,95,100,60,65,60,55,70,95
United States Minor Outlying Islands,0,0,0,0,0,0,0,0,0,0,0,0,0,0,0,0,0,0,0,0,0,0,0,0,0,0,0,0,0,0,0,0,0,0,0,0,0,0,0,0,0,0,0,0,0,0,0,0,0,0,0,0,0,0,0,--,0,0,0,0,0,0,0,0,0,0,0,0,0,0,0,0,0,0,0,0,0,0,0,0,0,0,0,0,0,0,0,0,0,0,0,0,0,0,0,0,0,0,0,0,0,0,0,--,0,0,0,0,0,0,0,0,0,0,0
United States of America,260,110,115,145,185,260,595,"2,390","1,095",245,190,260,325,165,180,210,275,410,440,"2,455","1,175",255,240,305,320,145,155,190,275,365,605,"3,035","1,280",305,205,265,330,140,135,180,250,450,525,"2,875",940,320,300,265,395,145,205,225,265,365,670,"3,000",890,265,190,235,330,145,120,30,575,335,290,800,730,230,340,495,675,245,225,255,370,535,660,"2,965","1,440",375,340,380,470,255,225,200,320,575,655,"2,500",990,350,315,345,485,275,270,275,355,620,805,"2,805","1,065",345,375,360,485,305,315,295,365,370,595
Uruguay,--,0,0,--,0,0,--,--,--,0,0,--,0,--,--,--,--,--,--,5,--,0,0,0,--,--,--,--,--,5,--,10,--,--,0,--,--,--,0,--,--,--,0,10,5,--,0,5,5,0,--,--,5,--,--,20,--,0,--,--,10,--,0,--,--,--,--,5,10,--,--,--,5,--,--,--,--,5,5,5,--,5,--,5,--,--,0,--,5,--,--,10,--,--,--,--,10,--,0,--,--,--,--,10,5,--,0,10,--,--,--,--,--,--,0
Uzbekistan,--,--,0,--,--,--,5,10,5,--,--,0,5,--,--,--,--,--,--,10,--,0,--,--,--,5,5,0,--,0,--,5,--,0,--,--,--,--,0,--,--,--,--,--,--,--,--,--,--,0,--,0,--,--,--,10,5,0,--,--,--,--,--,0,--,--,0,--,5,--,0,--,--,5,--,--,5,5,5,10,--,--,--,--,--,--,5,--,--,--,--,15,5,5,5,15,20,10,10,20,--,10,5,20,25,10,35,65,40,35,100,60,25,45,45
Vanuatu,0,0,0,0,0,0,0,0,0,0,0,0,0,0,0,0,0,0,0,0,0,0,0,0,0,0,0,0,0,0,0,0,0,0,0,0,0,0,0,0,0,0,--,0,--,--,0,0,0,0,0,0,0,--,0,--,0,0,0,--,0,0,0,0,0,--,0,0,--,0,0,0,0,0,0,0,0,0,--,0,0,0,0,0,--,--,--,0,0,0,0,--,0,0,0,0,0,0,0,0,0,0,0,--,0,0,0,--,--,--,0,--,0,0,0
Venezuela,205,105,90,120,85,85,170,255,220,110,115,140,165,105,100,100,140,135,110,205,175,90,110,120,145,70,70,75,100,90,110,215,185,105,70,75,100,55,45,75,80,85,55,145,70,45,50,65,60,35,55,40,55,55,75,115,75,35,30,30,50,25,30,45,55,25,20,120,115,45,35,45,30,25,45,35,60,55,55,85,65,35,35,60,45,25,50,50,50,40,60,110,70,35,30,95,55,30,35,55,40,45,55,160,65,30,25,65,70,40,50,35,25,30,35
Vietnam,180,135,120,145,145,190,360,640,395,195,200,300,250,290,210,255,360,425,375,"1,175",540,410,345,885,510,445,355,590,425,480,565,"3,515","1,165",670,445,965,620,470,405,"1,140",750,"1,145",965,"3,330","1,240",910,780,960,865,595,675,810,825,865,"1,265","3,080","1,265",580,515,810,810,380,345,905,"2,215","1,310",715,605,"1,375",485,345,595,545,345,570,640,"1,025","1,265",995,"1,915",585,455,560,815,720,575,620,580,725,975,"1,015","1,785","1,175",665,590,960,825,615,570,665,765,"1,020","1,285","2,180","1,055",645,630,"1,020",780,705,735,925,615,795,970
"Virgin Islands, British",0,0,0,0,0,0,0,0,0,0,0,0,0,0,0,0,0,0,0,0,0,0,0,0,0,0,0,0,0,0,0,0,0,0,0,0,0,0,0,0,0,0,0,0,0,0,0,0,0,0,0,0,0,0,0,0,0,0,0,0,0,0,0,0,0,0,0,0,0,0,0,0,0,0,0,0,0,0,0,0,--,0,0,0,0,0,0,0,0,0,0,0,0,0,0,0,0,0,0,0,0,0,0,0,0,0,0,0,0,0,0,0,0,0,0
Western Sahara,0,0,0,0,0,0,0,0,0,0,0,0,0,0,0,0,0,0,0,0,0,0,0,0,0,0,0,0,0,0,0,0,0,0,0,0,0,0,--,0,0,--,0,--,0,0,0,0,0,0,0,0,0,0,0,0,0,0,0,0,0,0,--,0,0,0,0,0,0,0,0,0,0,0,0,0,0,0,0,0,0,0,0,0,0,0,0,0,0,0,0,0,0,0,0,0,0,0,0,0,0,0,0,0,0,0,0,0,0,0,0,0,0,0,0
Yemen,15,15,5,15,10,10,20,20,25,10,15,20,15,15,15,20,20,15,15,25,35,10,10,20,10,10,15,10,20,10,25,40,40,25,30,35,30,15,10,20,20,25,15,40,30,20,30,20,25,20,25,10,25,30,30,55,30,15,5,20,15,10,20,30,40,15,25,15,35,15,15,20,20,15,10,15,20,25,10,25,20,10,15,20,5,10,10,15,10,20,15,25,15,5,15,15,10,10,15,10,10,25,25,25,20,--,10,20,25,15,10,10,15,20,10
Zambia,15,5,5,10,--,5,10,35,20,--,5,10,15,10,5,--,10,5,10,25,10,10,15,10,5,--,5,--,15,5,--,35,20,10,5,15,5,--,--,5,--,5,5,35,15,5,10,20,10,5,5,20,5,10,10,25,15,5,--,15,15,--,5,5,10,--,5,15,25,5,--,10,5,5,--,5,10,15,15,20,20,10,5,15,15,10,5,10,20,15,10,30,30,10,10,10,30,5,20,20,10,15,25,35,25,5,10,25,20,15,20,20,5,10,10
Zimbabwe,20,10,5,15,20,15,15,85,70,10,20,55,35,15,15,45,40,25,25,125,95,15,20,40,40,5,15,20,35,15,25,120,80,35,30,30,35,20,20,30,35,20,25,115,55,20,35,30,45,15,25,25,25,20,35,100,40,20,10,20,30,15,15,10,20,--,15,60,85,35,15,45,45,30,25,30,35,50,40,105,45,30,30,60,55,45,25,50,40,45,40,180,80,30,35,75,75,25,25,65,60,60,65,195,105,30,30,145,75,50,50,50,45,40,45
Country of Citizenship not stated,--,--,--,--,--,--,10,10,--,0,0,0,0,0,0,0,0,0,0,--,0,0,0,0,0,0,0,0,0,0,0,--,0,0,0,0,0,0,0,0,0,0,0,0,0,0,0,0,0,0,0,0,--,--,--,--,0,0,0,0,0,0,0,0,0,0,0,0,0,0,0,0,0,0,0,0,0,0,0,0,0,0,0,0,0,0,0,0,0,0,0,0,0,0,0,0,0,0,0,0,0,0,0,0,0,0,0,0,0,0,0,0,0,0,0
Total unique persons,"13,520","8,630","7,945","11,435","11,175","11,905","24,385","61,490","33,035","11,500","11,400","21,775","17,910","13,040","11,455","14,935","19,670","21,505","17,135","64,445","36,325","14,290","14,930","31,040","17,950","10,435","11,275","16,240","19,115","17,105","25,300","89,155","44,750","19,275","17,195","40,955","24,325","11,765","14,230","31,260","23,730","29,160","26,155","89,725","38,510","17,400","20,785","41,195","28,885","15,535","20,060","31,970","27,745","23,700","32,450","112,325","43,575","14,875","12,500","49,520","25,205","11,460","10,940","18,580","30,125","15,625","12,980","39,335","54,355","14,775","14,690","24,345","27,475","18,600","22,460","30,785","25,875","29,065","39,055","97,090","70,615","27,045","20,600","53,675","38,090","24,795","25,330","44,235","34,590","32,300","36,310","125,725","64,600","24,275","22,985","95,540","40,895","22,125","27,780","75,260","34,385","38,865","53,490","177,985","68,770","25,480","29,080","108,685","51,405","28,980","41,760","65,370","30,670","29,355","35,105"
,,,,,,,,,,,,,,,,,,,,,,,,,,,,,,,,,,,,,,,,,,,,,,,,,,,,,,,,,,,,,,,,,,,,,,,,,,,,,,,,,,,,,,,,,,,,,,,,,,,,,,,,,,,,,,,,,,,
,,,,,,,,,,,,,,,,,,,,,,,,,,,,,,,,,,,,,,,,,,,,,,,,,,,,,,,,,,,,,,,,,,,,,,,,,,,,,,,,,,,,,,,,,,,,,,,,,,,,,,,,,,,,,,,,,,,
